time_s,lap,dist_m,speed_kph,engine_rpm,gear,throttle_pct,brake,pos_x,pos_y
0.0,1,0.0,106.2,11719,6,100.0,0,248.51,0.0
0.05,1,1.47,105.68,11661,6,0.0,1,249.01,1.39
0.1,1,2.93,104.82,11566,6,0.0,1,249.47,2.77
0.15,1,4.39,104.27,11505,6,0.0,1,249.89,4.16
0.2,1,5.83,103.86,11460,6,0.0,1,250.29,5.55
0.25,1,7.27,102.93,11358,6,26.6,1,250.66,6.94
0.3,1,8.7,103.09,11376,6,30.3,1,250.99,8.33
0.35,1,10.13,102.74,11337,6,0.0,1,251.29,9.73
0.4,1,11.55,101.93,11248,6,0.0,1,251.56,11.12
0.45,1,12.96,102.14,11271,6,96.4,0,251.8,12.52
0.5,1,14.38,101.87,11240,6,0.0,1,252.0,13.92
0.55,1,15.79,101.73,11226,6,0.0,1,252.18,15.32
0.6,1,17.2,100.98,11143,6,20.1,1,252.32,16.72
0.65,1,18.61,101.52,11203,6,39.1,1,252.44,18.13
0.7,1,20.01,100.7,11111,6,1.4,0,252.52,19.53
0.75,1,21.42,101.24,11171,6,58.1,0,252.57,20.93
0.8,1,22.82,101.18,11165,6,82.3,0,252.59,22.34
0.85,1,24.23,101.21,11168,6,0.0,1,252.57,23.74
0.9,1,25.63,100.94,11138,6,63.1,0,252.53,25.14
0.95,1,27.04,101.59,11210,6,3.7,1,252.46,26.55
1.0,1,28.44,101.19,11166,6,100.0,0,252.35,27.95
1.05,1,29.85,101.62,11213,6,100.0,0,252.21,29.35
1.1,1,31.27,101.93,11247,6,73.4,0,252.04,30.76
1.15,1,32.68,101.84,11237,6,68.3,0,251.84,32.16
1.2,1,34.1,102.44,11303,6,90.0,0,251.61,33.56
1.25,1,35.53,102.55,11316,6,52.5,0,251.35,34.96
1.3,1,36.95,102.9,11355,6,100.0,0,251.06,36.35
1.35,1,38.38,103.59,11431,6,100.0,0,250.73,37.75
1.4,1,39.83,104.25,11504,6,100.0,0,250.37,39.14
1.45,1,41.27,104.12,11489,6,100.0,0,249.98,40.54
1.5,1,42.73,105.2,11608,6,100.0,0,249.56,41.93
1.55,1,44.19,105.08,11595,6,100.0,0,249.11,43.32
1.6,1,45.65,106.02,11699,6,100.0,0,248.62,44.7
1.65,1,47.13,106.2,11719,6,100.0,0,248.1,46.08
1.7,1,48.6,106.2,11719,6,100.0,0,247.56,47.45
1.75,1,50.08,106.2,11719,6,100.0,0,246.98,48.81
1.8,1,51.55,106.2,11719,6,100.0,0,246.38,50.16
1.85,1,53.03,106.2,11719,6,100.0,0,245.76,51.49
1.9,1,54.5,106.2,11719,6,100.0,0,245.1,52.81
1.95,1,55.98,106.2,11719,6,100.0,0,244.42,54.12
2.0,1,57.45,106.2,11719,6,100.0,0,243.71,55.42
2.05,1,58.93,106.2,11719,6,100.0,0,242.99,56.7
2.1,1,60.4,106.2,11719,6,100.0,0,242.23,57.97
2.15,1,61.88,106.2,11719,6,100.0,0,241.45,59.22
2.2,1,63.35,106.2,11719,6,100.0,0,240.65,60.46
2.25,1,64.83,106.2,11719,6,100.0,0,239.83,61.69
2.3,1,66.3,106.2,11719,6,100.0,0,238.99,62.9
2.35,1,67.78,106.2,11719,6,100.0,0,238.13,64.09
2.4,1,69.25,106.2,11719,6,100.0,0,237.25,65.27
2.45,1,70.73,106.2,11719,6,100.0,0,236.34,66.44
2.5,1,72.2,106.2,11719,6,100.0,0,235.42,67.59
2.55,1,73.68,106.2,11719,6,100.0,0,234.48,68.73
2.6,1,75.15,106.2,11719,6,100.0,0,233.53,69.85
2.65,1,76.63,106.2,11719,6,100.0,0,232.55,70.96
2.7,1,78.1,106.2,11719,6,100.0,0,231.56,72.05
2.75,1,79.58,106.2,11719,6,100.0,0,230.55,73.13
2.8,1,81.05,106.2,11719,6,100.0,0,229.53,74.19
2.85,1,82.53,106.2,11719,6,100.0,0,228.49,75.24
2.9,1,84.0,106.2,11719,6,100.0,0,227.44,76.28
2.95,1,85.48,106.2,11719,6,100.0,0,226.37,77.29
3.0,1,86.95,106.2,11719,6,100.0,0,225.29,78.3
3.05,1,88.43,106.2,11719,6,100.0,0,224.2,79.29
3.1,1,89.9,106.2,11719,6,100.0,0,223.09,80.26
3.15,1,91.38,106.2,11719,6,100.0,0,221.98,81.23
3.2,1,92.85,106.2,11719,6,100.0,0,220.85,82.17
3.25,1,94.33,106.2,11719,6,100.0,0,219.7,83.11
3.3,1,95.8,106.2,11719,6,100.0,0,218.55,84.03
3.35,1,97.28,106.2,11719,6,100.0,0,217.39,84.93
3.4,1,98.75,106.2,11719,6,100.0,0,216.21,85.83
3.45,1,100.23,106.2,11719,6,100.0,0,215.03,86.71
3.5,1,101.7,106.2,11719,6,100.0,0,213.84,87.57
3.55,1,103.18,106.2,11719,6,100.0,0,212.63,88.43
3.6,1,104.65,106.2,11719,6,100.0,0,211.42,89.27
3.65,1,106.13,106.2,11719,6,100.0,0,210.2,90.1
3.7,1,107.6,106.2,11719,6,100.0,0,208.97,90.91
3.75,1,109.08,106.2,11719,6,100.0,0,207.73,91.71
3.8,1,110.55,106.2,11719,6,100.0,0,206.49,92.51
3.85,1,112.03,106.2,11719,6,100.0,0,205.24,93.29
3.9,1,113.5,106.2,11719,6,100.0,0,203.98,94.05
3.95,1,114.98,106.2,11719,6,100.0,0,202.71,94.81
4.0,1,116.45,106.2,11719,6,100.0,0,201.44,95.55
4.05,1,117.93,106.2,11719,6,100.0,0,200.16,96.29
4.1,1,119.4,106.2,11719,6,100.0,0,198.87,97.01
4.15,1,120.88,106.2,11719,6,100.0,0,197.58,97.72
4.2,1,122.35,106.2,11719,6,100.0,0,196.28,98.42
4.25,1,123.83,106.2,11719,6,100.0,0,194.98,99.11
4.3,1,125.3,106.2,11719,6,100.0,0,193.67,99.79
4.35,1,126.78,106.2,11719,6,100.0,0,192.36,100.47
4.4,1,128.25,106.2,11719,6,100.0,0,191.04,101.13
4.45,1,129.73,106.2,11719,6,100.0,0,189.72,101.78
4.5,1,131.2,106.2,11719,6,100.0,0,188.39,102.42
4.55,1,132.68,106.2,11719,6,100.0,0,187.06,103.06
4.6,1,134.15,106.2,11719,6,100.0,0,185.72,103.68
4.65,1,135.63,106.2,11719,6,100.0,0,184.38,104.3
4.7,1,137.1,106.2,11719,6,100.0,0,183.04,104.91
4.75,1,138.58,106.2,11719,6,100.0,0,181.69,105.51
4.8,1,140.05,106.2,11719,6,100.0,0,180.34,106.1
4.85,1,141.53,106.2,11719,6,100.0,0,178.99,106.69
4.9,1,143.0,106.2,11719,6,100.0,0,177.63,107.27
4.95,1,144.48,106.2,11719,6,100.0,0,176.27,107.84
5.0,1,145.95,106.2,11719,6,100.0,0,174.91,108.4
5.05,1,147.43,106.2,11719,6,100.0,0,173.54,108.96
5.1,1,148.9,106.2,11719,6,100.0,0,172.18,109.51
5.15,1,150.38,106.2,11719,6,100.0,0,170.81,110.06
5.2,1,151.85,106.2,11719,6,100.0,0,169.43,110.6
5.25,1,153.33,106.2,11719,6,100.0,0,168.06,111.14
5.3,1,154.8,106.2,11719,6,100.0,0,166.68,111.67
5.35,1,156.28,106.2,11719,6,100.0,0,165.31,112.2
5.4,1,157.75,106.2,11719,6,100.0,0,163.93,112.72
5.45,1,159.23,106.2,11719,6,100.0,0,162.55,113.24
5.5,1,160.7,106.2,11719,6,100.0,0,161.17,113.76
5.55,1,162.18,106.2,11719,6,100.0,0,159.78,114.28
5.6,1,163.65,106.2,11719,6,100.0,0,158.4,114.79
5.65,1,165.13,106.2,11719,6,100.0,0,157.02,115.3
5.7,1,166.6,106.2,11719,6,100.0,0,155.63,115.81
5.75,1,168.08,106.2,11719,6,100.0,0,154.25,116.31
5.8,1,169.55,106.2,11719,6,100.0,0,152.86,116.82
5.85,1,171.03,106.2,11719,6,100.0,0,151.48,117.33
5.9,1,172.5,106.2,11719,6,100.0,0,150.09,117.83
5.95,1,173.98,106.2,11719,6,100.0,0,148.71,118.34
6.0,1,175.45,106.2,11719,6,100.0,0,147.32,118.85
6.05,1,176.93,106.2,11719,6,100.0,0,145.94,119.36
6.1,1,178.4,106.2,11719,6,100.0,0,144.56,119.87
6.15,1,179.88,106.2,11719,6,100.0,0,143.17,120.39
6.2,1,181.35,106.2,11719,6,100.0,0,141.79,120.91
6.25,1,182.83,106.2,11719,6,100.0,0,140.42,121.43
6.3,1,184.3,106.2,11719,6,100.0,0,139.04,121.96
6.35,1,185.78,106.2,11719,6,100.0,0,137.66,122.5
6.4,1,187.25,106.2,11719,6,100.0,0,136.29,123.04
6.45,1,188.73,106.2,11719,6,100.0,0,134.92,123.58
6.5,1,190.2,106.2,11719,6,100.0,0,133.55,124.14
6.55,1,191.68,106.2,11719,6,100.0,0,132.19,124.7
6.6,1,193.15,106.2,11719,6,100.0,0,130.83,125.27
6.65,1,194.63,106.2,11719,6,100.0,0,129.47,125.85
6.7,1,196.1,106.2,11719,6,100.0,0,128.12,126.43
6.75,1,197.58,106.2,11719,6,100.0,0,126.77,127.03
6.8,1,199.05,106.2,11719,6,100.0,0,125.43,127.64
6.85,1,200.53,106.2,11719,6,100.0,0,124.09,128.26
6.9,1,202.0,106.2,11719,6,100.0,0,122.76,128.9
6.95,1,203.48,106.2,11719,6,100.0,0,121.43,129.54
7.0,1,204.95,106.2,11719,6,100.0,0,120.11,130.2
7.05,1,206.43,106.2,11719,6,100.0,0,118.8,130.87
7.1,1,207.9,106.2,11719,6,100.0,0,117.49,131.56
7.15,1,209.38,106.2,11719,6,100.0,0,116.19,132.26
7.2,1,210.85,106.2,11719,6,100.0,0,114.9,132.97
7.25,1,212.33,106.2,11719,6,100.0,0,113.62,133.7
7.3,1,213.8,106.2,11719,6,100.0,0,112.35,134.44
7.35,1,215.28,106.2,11719,6,100.0,0,111.08,135.2
7.4,1,216.75,106.2,11719,6,100.0,0,109.82,135.97
7.45,1,218.23,106.2,11719,6,100.0,0,108.57,136.75
7.5,1,219.7,106.2,11719,6,100.0,0,107.33,137.55
7.55,1,221.18,106.2,11719,6,100.0,0,106.1,138.36
7.6,1,222.65,106.2,11719,6,100.0,0,104.88,139.19
7.65,1,224.13,106.2,11719,6,100.0,0,103.67,140.03
7.7,1,225.6,106.2,11719,6,100.0,0,102.46,140.88
7.75,1,227.08,106.2,11719,6,100.0,0,101.27,141.74
7.8,1,228.55,106.2,11719,6,100.0,0,100.08,142.62
7.85,1,230.03,106.2,11719,6,100.0,0,98.9,143.5
7.9,1,231.5,106.2,11719,6,100.0,0,97.73,144.4
7.95,1,232.98,106.2,11719,6,100.0,0,96.56,145.3
8.0,1,234.45,106.2,11719,6,100.0,0,95.41,146.22
8.05,1,235.93,106.2,11719,6,100.0,0,94.25,147.14
8.1,1,237.4,106.2,11719,6,100.0,0,93.11,148.07
8.15,1,238.88,106.2,11719,6,100.0,0,91.97,149.01
8.2,1,240.35,106.2,11719,6,100.0,0,90.84,149.95
8.25,1,241.83,106.2,11719,6,100.0,0,89.71,150.9
8.3,1,243.3,106.2,11719,6,100.0,0,88.58,151.85
8.35,1,244.78,106.2,11719,6,100.0,0,87.46,152.81
8.4,1,246.25,106.2,11719,6,100.0,0,86.34,153.77
8.45,1,247.73,106.2,11719,6,100.0,0,85.22,154.73
8.5,1,249.2,106.2,11719,6,100.0,0,84.11,155.7
8.55,1,250.68,106.2,11719,6,100.0,0,82.99,156.66
8.6,1,252.15,106.2,11719,6,100.0,0,81.88,157.63
8.65,1,253.63,106.2,11719,6,100.0,0,80.76,158.6
8.7,1,255.1,106.2,11719,6,100.0,0,79.65,159.56
8.75,1,256.58,106.2,11719,6,100.0,0,78.53,160.53
8.8,1,258.05,106.2,11719,6,100.0,0,77.42,161.49
8.85,1,259.53,106.2,11719,6,100.0,0,76.3,162.45
8.9,1,261.0,106.2,11719,6,100.0,0,75.17,163.41
8.95,1,262.48,106.2,11719,6,100.0,0,74.05,164.36
9.0,1,263.95,106.2,11719,6,100.0,0,72.92,165.31
9.05,1,265.43,106.2,11719,6,100.0,0,71.79,166.26
9.1,1,266.9,106.2,11719,6,100.0,0,70.65,167.2
9.15,1,268.38,106.2,11719,6,100.0,0,69.51,168.14
9.2,1,269.85,106.2,11719,6,100.0,0,68.37,169.07
9.25,1,271.33,106.2,11719,6,100.0,0,67.22,169.99
9.3,1,272.8,106.2,11719,6,100.0,0,66.06,170.9
9.35,1,274.28,106.2,11719,6,100.0,0,64.9,171.81
9.4,1,275.75,106.2,11719,6,100.0,0,63.73,172.71
9.45,1,277.23,106.2,11719,6,100.0,0,62.56,173.6
9.5,1,278.7,106.2,11719,6,100.0,0,61.37,174.49
9.55,1,280.18,106.2,11719,6,100.0,0,60.19,175.36
9.6,1,281.65,106.2,11719,6,100.0,0,58.99,176.23
9.65,1,283.13,106.2,11719,6,100.0,0,57.79,177.08
9.7,1,284.6,106.2,11719,6,100.0,0,56.58,177.92
9.75,1,286.08,106.2,11719,6,100.0,0,55.36,178.76
9.8,1,287.55,106.2,11719,6,100.0,0,54.14,179.58
9.85,1,289.03,106.2,11719,6,100.0,0,52.9,180.39
9.9,1,290.5,106.2,11719,6,100.0,0,51.66,181.18
9.95,1,291.98,106.2,11719,6,100.0,0,50.41,181.97
10.0,1,293.45,106.2,11719,6,100.0,0,49.16,182.74
10.05,1,294.93,106.2,11719,6,100.0,0,47.89,183.5
10.1,1,296.4,106.2,11719,6,100.0,0,46.62,184.25
10.15,1,297.88,106.2,11719,6,100.0,0,45.34,184.98
10.2,1,299.35,106.2,11719,6,100.0,0,44.05,185.7
10.25,1,300.83,106.2,11719,6,100.0,0,42.75,186.4
10.3,1,302.3,106.2,11719,6,100.0,0,41.45,187.09
10.35,1,303.78,106.2,11719,6,100.0,0,40.14,187.76
10.4,1,305.25,106.2,11719,6,100.0,0,38.82,188.42
10.45,1,306.73,106.2,11719,6,100.0,0,37.49,189.06
10.5,1,308.2,106.2,11719,6,100.0,0,36.15,189.68
10.55,1,309.68,106.2,11719,6,100.0,0,34.81,190.29
10.6,1,311.15,106.2,11719,6,100.0,0,33.46,190.88
10.65,1,312.63,106.2,11719,6,100.0,0,32.1,191.46
10.7,1,314.1,106.2,11719,6,100.0,0,30.73,192.01
10.75,1,315.58,106.2,11719,6,100.0,0,29.36,192.55
10.8,1,317.05,106.2,11719,6,100.0,0,27.98,193.08
10.85,1,318.53,106.2,11719,6,100.0,0,26.59,193.58
10.9,1,320.0,106.2,11719,6,100.0,0,25.2,194.07
10.95,1,321.48,106.2,11719,6,100.0,0,23.8,194.53
11.0,1,322.95,106.2,11719,6,100.0,0,22.4,194.98
11.05,1,324.43,106.2,11719,6,100.0,0,20.99,195.41
11.1,1,325.9,106.2,11719,6,100.0,0,19.57,195.82
11.15,1,327.38,106.2,11719,6,100.0,0,18.15,196.22
11.2,1,328.85,106.2,11719,6,100.0,0,16.72,196.59
11.25,1,330.33,106.2,11719,6,100.0,0,15.29,196.94
11.3,1,331.8,106.2,11719,6,100.0,0,13.85,197.28
11.35,1,333.28,106.2,11719,6,100.0,0,12.41,197.59
11.4,1,334.75,106.2,11719,6,100.0,0,10.97,197.89
11.45,1,336.23,106.2,11719,6,100.0,0,9.52,198.16
11.5,1,337.7,106.2,11719,6,100.0,0,8.06,198.42
11.55,1,339.18,106.2,11719,6,100.0,0,6.61,198.65
11.6,1,340.65,106.2,11719,6,100.0,0,5.15,198.87
11.65,1,342.13,106.2,11719,6,100.0,0,3.69,199.07
11.7,1,343.6,106.2,11719,6,100.0,0,2.22,199.24
11.75,1,345.08,106.2,11719,6,100.0,0,0.76,199.4
11.8,1,346.55,106.2,11719,6,100.0,0,-0.71,199.53
11.85,1,348.03,106.2,11719,6,100.0,0,-2.18,199.65
11.9,1,349.5,106.2,11719,6,100.0,0,-3.65,199.74
11.95,1,350.98,106.2,11719,6,100.0,0,-5.13,199.82
12.0,1,352.45,106.2,11719,6,100.0,0,-6.6,199.88
12.05,1,353.93,106.2,11719,6,100.0,0,-8.08,199.91
12.1,1,355.4,106.2,11719,6,100.0,0,-9.55,199.93
12.15,1,356.88,106.2,11719,6,100.0,0,-11.03,199.93
12.2,1,358.35,106.2,11719,6,100.0,0,-12.5,199.9
12.25,1,359.83,106.2,11719,6,100.0,0,-13.98,199.86
12.3,1,361.3,106.2,11719,6,100.0,0,-15.45,199.8
12.35,1,362.78,106.2,11719,6,100.0,0,-16.92,199.71
12.4,1,364.25,106.2,11719,6,100.0,0,-18.39,199.61
12.45,1,365.73,106.2,11719,6,100.0,0,-19.86,199.49
12.5,1,367.2,106.2,11719,6,100.0,0,-21.33,199.35
12.55,1,368.68,106.2,11719,6,100.0,0,-22.8,199.19
12.6,1,370.15,106.2,11719,6,100.0,0,-24.26,199.02
12.65,1,371.63,106.2,11719,6,100.0,0,-25.72,198.82
12.7,1,373.1,106.2,11719,6,100.0,0,-27.18,198.61
12.75,1,374.58,106.2,11719,6,100.0,0,-28.64,198.37
12.8,1,376.05,106.2,11719,6,100.0,0,-30.09,198.12
12.85,1,377.53,106.2,11719,6,100.0,0,-31.54,197.85
12.9,1,379.0,106.2,11719,6,100.0,0,-32.99,197.56
12.95,1,380.48,106.2,11719,6,100.0,0,-34.43,197.25
13.0,1,381.95,106.2,11719,6,100.0,0,-35.87,196.93
13.05,1,383.43,106.2,11719,6,100.0,0,-37.3,196.58
13.1,1,384.9,106.2,11719,6,100.0,0,-38.73,196.22
13.15,1,386.38,106.2,11719,6,100.0,0,-40.16,195.84
13.2,1,387.85,106.2,11719,6,100.0,0,-41.58,195.45
13.25,1,389.33,106.2,11719,6,100.0,0,-43.0,195.03
13.3,1,390.8,106.2,11719,6,100.0,0,-44.41,194.6
13.35,1,392.28,106.2,11719,6,100.0,0,-45.81,194.16
13.4,1,393.75,106.2,11719,6,100.0,0,-47.21,193.69
13.45,1,395.23,106.2,11719,6,100.0,0,-48.61,193.21
13.5,1,396.7,106.2,11719,6,100.0,0,-50.0,192.71
13.55,1,398.18,106.2,11719,6,100.0,0,-51.38,192.2
13.6,1,399.65,106.2,11719,6,100.0,0,-52.75,191.66
13.65,1,401.13,106.2,11719,6,100.0,0,-54.12,191.12
13.7,1,402.6,106.2,11719,6,100.0,0,-55.49,190.55
13.75,1,404.08,106.2,11719,6,100.0,0,-56.84,189.97
13.8,1,405.55,106.2,11719,6,100.0,0,-58.19,189.38
13.85,1,407.03,106.2,11719,6,100.0,0,-59.53,188.76
13.9,1,408.5,106.2,11719,6,100.0,0,-60.87,188.13
13.95,1,409.98,106.2,11719,6,100.0,0,-62.19,187.49
14.0,1,411.45,106.2,11719,6,100.0,0,-63.51,186.83
14.05,1,412.93,106.2,11719,6,100.0,0,-64.82,186.16
14.1,1,414.4,106.2,11719,6,100.0,0,-66.13,185.47
14.15,1,415.88,106.2,11719,6,100.0,0,-67.42,184.76
14.2,1,417.35,106.2,11719,6,100.0,0,-68.71,184.04
14.25,1,418.83,106.2,11719,6,100.0,0,-69.99,183.3
14.3,1,420.3,106.2,11719,6,100.0,0,-71.26,182.55
14.35,1,421.78,106.2,11719,6,100.0,0,-72.52,181.78
14.4,1,423.25,106.2,11719,6,100.0,0,-73.77,181.0
14.45,1,424.73,106.2,11719,6,100.0,0,-75.01,180.21
14.5,1,426.2,106.2,11719,6,100.0,0,-76.24,179.4
14.55,1,427.68,106.2,11719,6,100.0,0,-77.46,178.57
14.6,1,429.15,106.2,11719,6,100.0,0,-78.68,177.73
14.65,1,430.63,106.2,11719,6,100.0,0,-79.88,176.88
14.7,1,432.1,106.2,11719,6,100.0,0,-81.07,176.01
14.75,1,433.58,106.2,11719,6,100.0,0,-82.25,175.12
14.8,1,435.05,106.2,11719,6,100.0,0,-83.42,174.23
14.85,1,436.53,106.2,11719,6,100.0,0,-84.58,173.32
14.9,1,438.0,106.2,11719,6,100.0,0,-85.73,172.39
14.95,1,439.48,106.2,11719,6,100.0,0,-86.87,171.45
15.0,1,440.95,106.2,11719,6,100.0,0,-88.0,170.5
15.05,1,442.43,106.2,11719,6,100.0,0,-89.11,169.53
15.1,1,443.9,106.2,11719,6,100.0,0,-90.21,168.55
15.15,1,445.38,106.2,11719,6,100.0,0,-91.3,167.56
15.2,1,446.85,106.2,11719,6,100.0,0,-92.38,166.55
15.25,1,448.33,106.2,11719,6,100.0,0,-93.45,165.53
15.3,1,449.8,106.2,11719,6,100.0,0,-94.5,164.5
15.35,1,451.28,106.2,11719,6,100.0,0,-95.54,163.46
15.4,1,452.75,106.2,11719,6,100.0,0,-96.57,162.4
15.45,1,454.23,106.2,11719,6,100.0,0,-97.58,161.33
15.5,1,455.7,106.2,11719,6,100.0,0,-98.58,160.24
15.55,1,457.18,106.2,11719,6,100.0,0,-99.57,159.14
15.6,1,458.65,106.2,11719,6,100.0,0,-100.54,158.04
15.65,1,460.13,106.2,11719,6,100.0,0,-101.5,156.92
15.7,1,461.6,106.2,11719,6,100.0,0,-102.44,155.78
15.75,1,463.08,106.2,11719,6,100.0,0,-103.37,154.64
15.8,1,464.55,106.2,11719,6,100.0,0,-104.29,153.48
15.85,1,466.03,106.2,11719,6,100.0,0,-105.19,152.31
15.9,1,467.5,106.2,11719,6,100.0,0,-106.08,151.13
15.95,1,468.98,106.2,11719,6,100.0,0,-106.95,149.94
16.0,1,470.45,106.2,11719,6,100.0,0,-107.8,148.74
16.05,1,471.93,106.2,11719,6,100.0,0,-108.64,147.53
16.1,1,473.4,106.2,11719,6,100.0,0,-109.47,146.31
16.15,1,474.88,106.2,11719,6,100.0,0,-110.28,145.07
16.2,1,476.35,106.2,11719,6,100.0,0,-111.07,143.83
16.25,1,477.83,106.2,11719,6,100.0,0,-111.85,142.58
16.3,1,479.3,106.2,11719,6,100.0,0,-112.61,141.31
16.35,1,480.78,106.2,11719,6,100.0,0,-113.35,140.04
16.4,1,482.25,106.2,11719,6,100.0,0,-114.08,138.76
16.45,1,483.73,106.2,11719,6,100.0,0,-114.8,137.47
16.5,1,485.2,106.2,11719,6,100.0,0,-115.49,136.17
16.55,1,486.68,106.2,11719,6,100.0,0,-116.17,134.86
16.6,1,488.15,106.2,11719,6,100.0,0,-116.84,133.54
16.65,1,489.63,106.2,11719,6,100.0,0,-117.48,132.22
16.7,1,491.1,106.2,11719,6,100.0,0,-118.12,130.88
16.75,1,492.58,106.2,11719,6,100.0,0,-118.73,129.54
16.8,1,494.05,106.2,11719,6,100.0,0,-119.33,128.19
16.85,1,495.53,106.2,11719,6,100.0,0,-119.91,126.84
16.9,1,497.0,106.2,11719,6,100.0,0,-120.47,125.48
16.95,1,498.48,106.2,11719,6,100.0,0,-121.02,124.11
17.0,1,499.95,106.2,11719,6,100.0,0,-121.56,122.73
17.05,1,501.43,106.2,11719,6,100.0,0,-122.07,121.35
17.1,1,502.9,106.2,11719,6,100.0,0,-122.57,119.96
17.15,1,504.38,106.2,11719,6,100.0,0,-123.05,118.57
17.2,1,505.85,106.2,11719,6,100.0,0,-123.52,117.17
17.25,1,507.33,106.2,11719,6,100.0,0,-123.97,115.76
17.3,1,508.8,106.2,11719,6,100.0,0,-124.41,114.36
17.35,1,510.28,106.2,11719,6,100.0,0,-124.83,112.94
17.4,1,511.75,106.2,11719,6,100.0,0,-125.24,111.52
17.45,1,513.23,106.2,11719,6,100.0,0,-125.63,110.1
17.5,1,514.7,106.2,11719,6,100.0,0,-126.0,108.67
17.55,1,516.18,106.2,11719,6,100.0,0,-126.36,107.24
17.6,1,517.65,106.2,11719,6,100.0,0,-126.71,105.81
17.65,1,519.13,106.2,11719,6,100.0,0,-127.04,104.37
17.7,1,520.6,106.2,11719,6,100.0,0,-127.36,102.93
17.75,1,522.08,106.2,11719,6,100.0,0,-127.66,101.49
17.8,1,523.55,106.2,11719,6,100.0,0,-127.95,100.04
17.85,1,525.03,106.2,11719,6,100.0,0,-128.23,98.6
17.9,1,526.5,106.2,11719,6,100.0,0,-128.5,97.14
17.95,1,527.98,106.2,11719,6,100.0,0,-128.75,95.69
18.0,1,529.45,106.2,11719,6,100.0,0,-128.99,94.24
18.05,1,530.93,106.2,11719,6,100.0,0,-129.22,92.78
18.1,1,532.4,106.2,11719,6,100.0,0,-129.44,91.32
18.15,1,533.88,106.2,11719,6,100.0,0,-129.65,89.86
18.2,1,535.35,106.2,11719,6,100.0,0,-129.85,88.4
18.25,1,536.83,106.2,11719,6,100.0,0,-130.04,86.94
18.3,1,538.3,106.2,11719,6,100.0,0,-130.22,85.47
18.35,1,539.78,106.2,11719,6,100.0,0,-130.39,84.01
18.4,1,541.25,106.2,11719,6,100.0,0,-130.55,82.54
18.45,1,542.73,106.2,11719,6,100.0,0,-130.71,81.07
18.5,1,544.2,106.2,11719,6,100.0,0,-130.86,79.61
18.55,1,545.68,106.2,11719,6,100.0,0,-131.01,78.14
18.6,1,547.15,106.2,11719,6,100.0,0,-131.15,76.67
18.65,1,548.63,106.2,11719,6,100.0,0,-131.29,75.2
18.7,1,550.1,106.2,11719,6,100.0,0,-131.42,73.73
18.75,1,551.58,106.2,11719,6,100.0,0,-131.56,72.27
18.8,1,553.05,106.2,11719,6,100.0,0,-131.69,70.8
18.85,1,554.53,106.2,11719,6,100.0,0,-131.82,69.33
18.9,1,556.0,106.2,11719,6,100.0,0,-131.95,67.86
18.95,1,557.48,106.2,11719,6,100.0,0,-132.09,66.39
19.0,1,558.95,106.2,11719,6,100.0,0,-132.23,64.92
19.05,1,560.43,106.2,11719,6,100.0,0,-132.37,63.45
19.1,1,561.9,106.2,11719,6,100.0,0,-132.52,61.99
19.15,1,563.38,106.2,11719,6,100.0,0,-132.68,60.52
19.2,1,564.85,106.2,11719,6,100.0,0,-132.84,59.05
19.25,1,566.33,106.2,11719,6,100.0,0,-133.02,57.59
19.3,1,567.8,106.2,11719,6,100.0,0,-133.2,56.13
19.35,1,569.28,106.2,11719,6,100.0,0,-133.4,54.66
19.4,1,570.75,106.2,11719,6,100.0,0,-133.61,53.2
19.45,1,572.23,106.2,11719,6,100.0,0,-133.84,51.75
19.5,1,573.7,106.2,11719,6,100.0,0,-134.09,50.29
19.55,1,575.18,106.2,11719,6,100.0,0,-134.35,48.84
19.6,1,576.65,106.2,11719,6,100.0,0,-134.64,47.39
19.65,1,578.13,106.2,11719,6,100.0,0,-134.94,45.95
19.7,1,579.6,106.2,11719,6,100.0,0,-135.27,44.51
19.75,1,581.08,106.2,11719,6,100.0,0,-135.62,43.08
19.8,1,582.55,106.2,11719,6,100.0,0,-135.99,41.65
19.85,1,584.03,106.2,11719,6,100.0,0,-136.39,40.23
19.9,1,585.5,106.2,11719,6,100.0,0,-136.81,38.82
19.95,1,586.98,106.2,11719,6,100.0,0,-137.26,37.41
20.0,1,588.45,106.2,11719,6,100.0,0,-137.73,36.02
20.05,1,589.93,106.2,11719,6,100.0,0,-138.23,34.63
20.1,1,591.4,106.2,11719,6,100.0,0,-138.76,33.25
20.15,1,592.88,106.2,11719,6,100.0,0,-139.3,31.88
20.2,1,594.35,106.2,11719,6,100.0,0,-139.87,30.52
20.25,1,595.83,106.2,11719,6,100.0,0,-140.47,29.17
20.3,1,597.3,106.2,11719,6,100.0,0,-141.08,27.83
20.35,1,598.78,106.2,11719,6,100.0,0,-141.71,26.5
20.4,1,600.25,106.2,11719,6,100.0,0,-142.37,25.18
20.45,1,601.73,106.2,11719,6,100.0,0,-143.04,23.86
20.5,1,603.2,106.2,11719,6,100.0,0,-143.73,22.56
20.55,1,604.68,106.2,11719,6,100.0,0,-144.43,21.26
20.6,1,606.15,106.2,11719,6,100.0,0,-145.15,19.97
20.65,1,607.63,106.2,11719,6,100.0,0,-145.88,18.69
20.7,1,609.1,106.2,11719,6,100.0,0,-146.62,17.42
20.75,1,610.58,106.2,11719,6,100.0,0,-147.37,16.15
20.8,1,612.05,106.2,11719,6,100.0,0,-148.13,14.88
20.85,1,613.53,106.2,11719,6,100.0,0,-148.9,13.62
20.9,1,615.0,106.2,11719,6,100.0,0,-149.68,12.37
20.95,1,616.48,106.2,11719,6,100.0,0,-150.46,11.12
21.0,1,617.95,106.2,11719,6,100.0,0,-151.24,9.87
21.05,1,619.43,106.2,11719,6,100.0,0,-152.03,8.62
21.1,1,620.9,106.2,11719,6,100.0,0,-152.82,7.38
21.15,1,622.38,106.2,11719,6,100.0,0,-153.62,6.13
21.2,1,623.85,106.2,11719,6,100.0,0,-154.41,4.89
21.25,1,625.33,106.2,11719,6,100.0,0,-155.2,3.65
21.3,1,626.8,106.2,11719,6,100.0,0,-156.0,2.4
21.35,1,628.28,106.2,11719,6,100.0,0,-156.79,1.16
21.4,1,629.75,106.2,11719,6,100.0,0,-157.58,-0.09
21.45,1,631.23,106.2,11719,6,100.0,0,-158.36,-1.34
21.5,1,632.7,106.2,11719,6,100.0,0,-159.14,-2.59
21.55,1,634.18,106.2,11719,6,100.0,0,-159.92,-3.84
21.6,1,635.65,106.2,11719,6,100.0,0,-160.69,-5.1
21.65,1,637.13,106.2,11719,6,100.0,0,-161.46,-6.36
21.7,1,638.6,106.2,11719,6,100.0,0,-162.22,-7.62
21.75,1,640.08,106.2,11719,6,100.0,0,-162.98,-8.89
21.8,1,641.55,106.2,11719,6,100.0,0,-163.72,-10.16
21.85,1,643.03,106.2,11719,6,100.0,0,-164.46,-11.44
21.9,1,644.5,106.2,11719,6,100.0,0,-165.19,-12.72
21.95,1,645.98,106.2,11719,6,100.0,0,-165.91,-14.01
22.0,1,647.45,106.2,11719,6,100.0,0,-166.62,-15.3
22.05,1,648.93,106.2,11719,6,100.0,0,-167.32,-16.6
22.1,1,650.4,106.2,11719,6,100.0,0,-168.01,-17.9
22.15,1,651.88,106.2,11719,6,100.0,0,-168.69,-19.21
22.2,1,653.35,106.2,11719,6,100.0,0,-169.35,-20.53
22.25,1,654.83,106.2,11719,6,100.0,0,-170.0,-21.85
22.3,1,656.3,106.2,11719,6,100.0,0,-170.64,-23.18
22.35,1,657.78,106.2,11719,6,100.0,0,-171.27,-24.52
22.4,1,659.25,106.2,11719,6,100.0,0,-171.88,-25.86
22.45,1,660.73,106.2,11719,6,100.0,0,-172.47,-27.21
22.5,1,662.2,106.2,11719,6,100.0,0,-173.05,-28.57
22.55,1,663.68,106.2,11719,6,100.0,0,-173.61,-29.93
22.6,1,665.15,106.2,11719,6,100.0,0,-174.16,-31.3
22.65,1,666.63,106.2,11719,6,100.0,0,-174.69,-32.68
22.7,1,668.1,106.2,11719,6,100.0,0,-175.2,-34.06
22.75,1,669.58,106.2,11719,6,100.0,0,-175.69,-35.45
22.8,1,671.05,106.2,11719,6,100.0,0,-176.16,-36.85
22.85,1,672.53,106.2,11719,6,100.0,0,-176.61,-38.25
22.9,1,674.0,106.2,11719,6,100.0,0,-177.04,-39.66
22.95,1,675.48,106.2,11719,6,100.0,0,-177.45,-41.08
23.0,1,676.95,106.2,11719,6,100.0,0,-177.84,-42.5
23.05,1,678.43,106.2,11719,6,100.0,0,-178.2,-43.93
23.1,1,679.9,106.2,11719,6,100.0,0,-178.54,-45.37
23.15,1,681.38,106.2,11719,6,100.0,0,-178.85,-46.81
23.2,1,682.85,106.2,11719,6,100.0,0,-179.14,-48.26
23.25,1,684.33,106.2,11719,6,100.0,0,-179.4,-49.71
23.3,1,685.8,106.2,11719,6,100.0,0,-179.64,-51.16
23.35,1,687.28,106.2,11719,6,100.0,0,-179.85,-52.63
23.4,1,688.75,106.2,11719,6,100.0,0,-180.03,-54.09
23.45,1,690.23,106.2,11719,6,100.0,0,-180.18,-55.56
23.5,1,691.7,106.2,11719,6,29.7,1,-180.3,-57.03
23.55,1,693.17,105.23,11612,6,0.0,1,-180.39,-58.49
23.6,1,694.63,104.02,11478,6,0.0,1,-180.44,-59.94
23.65,1,696.06,102.86,11350,6,0.0,1,-180.47,-61.38
23.7,1,697.48,101.75,11228,6,0.0,1,-180.46,-62.8
23.75,1,698.89,100.69,11111,6,0.0,1,-180.42,-64.21
23.8,1,700.28,99.68,12633,5,0.0,1,-180.35,-65.6
23.85,1,701.66,98.6,12496,5,0.0,1,-180.25,-66.97
23.9,1,703.02,97.39,12342,5,0.0,1,-180.13,-68.33
23.95,1,704.37,96.73,12258,5,0.0,1,-179.97,-69.66
24.0,1,705.71,96.07,12175,5,0.0,1,-179.78,-70.99
24.05,1,707.03,95.31,12079,5,0.0,1,-179.56,-72.3
24.1,1,708.35,94.59,11988,5,0.0,1,-179.32,-73.6
24.15,1,709.66,93.92,11903,5,0.0,1,-179.04,-74.88
24.2,1,710.96,93.29,11823,5,0.0,1,-178.74,-76.14
24.25,1,712.25,92.52,11725,5,0.0,1,-178.41,-77.39
24.3,1,713.53,91.73,11625,5,0.0,1,-178.05,-78.61
24.35,1,714.8,91.43,11587,5,0.0,1,-177.66,-79.83
24.4,1,716.07,91.21,11559,5,0.0,1,-177.25,-81.02
24.45,1,717.34,90.81,11509,5,0.0,1,-176.8,-82.21
24.5,1,718.59,90.46,11464,5,0.0,1,-176.33,-83.38
24.55,1,719.85,90.15,11425,5,0.0,1,-175.84,-84.53
24.6,1,721.1,89.58,11353,5,0.0,1,-175.32,-85.66
24.65,1,722.34,89.18,11302,5,33.7,1,-174.77,-86.77
24.7,1,723.58,89.33,11321,5,100.0,0,-174.19,-87.87
24.75,1,724.82,89.35,11324,5,18.2,0,-173.59,-88.96
24.8,1,726.06,89.28,11314,5,0.0,0,-172.96,-90.02
24.85,1,727.3,89.24,11310,5,0.0,0,-172.3,-91.07
24.9,1,728.54,89.2,11305,5,0.0,1,-171.62,-92.11
24.95,1,729.78,89.01,11281,5,0.0,1,-170.91,-93.12
25.0,1,731.01,88.94,11272,5,100.0,0,-170.18,-94.12
25.05,1,732.25,89.4,11330,5,100.0,0,-169.42,-95.1
25.1,1,733.49,89.74,11373,5,100.0,0,-168.63,-96.06
25.15,1,734.74,89.96,11401,5,100.0,0,-167.82,-97.01
25.2,1,735.99,90.23,11435,5,100.0,0,-166.98,-97.94
25.25,1,737.25,90.55,11475,5,100.0,0,-166.11,-98.85
25.3,1,738.51,90.91,11521,5,100.0,0,-165.22,-99.74
25.35,1,739.77,91.3,11571,5,100.0,0,-164.31,-100.61
25.4,1,741.04,91.73,11625,5,100.0,0,-163.37,-101.47
25.45,1,742.32,92.07,11668,5,100.0,0,-162.4,-102.3
25.5,1,743.6,92.64,11740,5,100.0,0,-161.41,-103.11
25.55,1,744.9,93.39,11836,5,100.0,0,-160.39,-103.91
25.6,1,746.2,94.03,11916,5,100.0,0,-159.35,-104.69
25.65,1,747.51,94.69,12000,5,100.0,0,-158.28,-105.44
25.7,1,748.83,95.39,12089,5,100.0,0,-157.18,-106.18
25.75,1,750.16,96.13,12183,5,100.0,0,-156.06,-106.89
25.8,1,751.5,96.92,12283,5,100.0,0,-154.91,-107.59
25.85,1,752.85,97.75,12388,5,32.0,0,-153.74,-108.26
25.9,1,754.21,98.62,12498,5,20.0,0,-152.55,-108.91
25.95,1,755.59,99.52,12613,5,20.0,0,-151.32,-109.54
26.0,1,756.98,100.31,11107,6,20.0,0,-150.08,-110.15
26.05,1,758.38,101.11,11157,6,20.0,0,-148.8,-110.74
26.1,1,759.79,102.19,11276,6,83.0,0,-147.51,-111.3
26.15,1,761.21,103.27,11395,6,100.0,0,-146.19,-111.83
26.2,1,762.66,104.35,11514,6,100.0,0,-144.84,-112.35
26.25,1,764.11,105.43,11634,6,100.0,0,-143.47,-112.84
26.3,1,765.58,106.15,11713,6,100.0,0,-142.07,-113.3
26.35,1,767.06,106.2,11719,6,100.0,0,-140.67,-113.74
26.4,1,768.53,106.2,11719,6,100.0,0,-139.25,-114.15
26.45,1,770.01,106.2,11719,6,100.0,0,-137.82,-114.53
26.5,1,771.48,106.2,11719,6,100.0,0,-136.39,-114.88
26.55,1,772.96,106.2,11719,6,100.0,0,-134.95,-115.21
26.6,1,774.43,106.2,11719,6,100.0,0,-133.51,-115.5
26.65,1,775.91,106.2,11719,6,100.0,0,-132.06,-115.77
26.7,1,777.38,106.2,11719,6,100.0,0,-130.6,-116.02
26.75,1,778.86,106.2,11719,6,100.0,0,-129.14,-116.24
26.8,1,780.33,106.2,11719,6,100.0,0,-127.68,-116.43
26.85,1,781.81,106.2,11719,6,100.0,0,-126.22,-116.6
26.9,1,783.28,106.2,11719,6,100.0,0,-124.75,-116.74
26.95,1,784.76,106.2,11719,6,100.0,0,-123.28,-116.86
27.0,1,786.23,106.2,11719,6,100.0,0,-121.81,-116.96
27.05,1,787.71,106.2,11719,6,100.0,0,-120.33,-117.03
27.1,1,789.18,106.2,11719,6,100.0,0,-118.86,-117.08
27.15,1,790.66,106.2,11719,6,100.0,0,-117.38,-117.11
27.2,1,792.13,106.2,11719,6,100.0,0,-115.91,-117.12
27.25,1,793.61,106.2,11719,6,100.0,0,-114.43,-117.1
27.3,1,795.08,106.2,11719,6,100.0,0,-112.96,-117.07
27.35,1,796.56,106.2,11719,6,100.0,0,-111.49,-117.02
27.4,1,798.03,106.2,11719,6,100.0,0,-110.01,-116.94
27.45,1,799.51,106.2,11719,6,100.0,0,-108.54,-116.85
27.5,1,800.98,106.2,11719,6,100.0,0,-107.07,-116.74
27.55,1,802.46,106.2,11719,6,100.0,0,-105.6,-116.6
27.6,1,803.93,106.2,11719,6,100.0,0,-104.13,-116.45
27.65,1,805.41,106.2,11719,6,100.0,0,-102.67,-116.28
27.7,1,806.88,106.2,11719,6,100.0,0,-101.2,-116.1
27.75,1,808.36,106.2,11719,6,100.0,0,-99.74,-115.9
27.8,1,809.83,106.2,11719,6,100.0,0,-98.29,-115.68
27.85,1,811.31,106.2,11719,6,100.0,0,-96.83,-115.44
27.9,1,812.78,106.2,11719,6,100.0,0,-95.38,-115.19
27.95,1,814.26,106.2,11719,6,100.0,0,-93.93,-114.92
28.0,1,815.73,106.2,11719,6,100.0,0,-92.48,-114.64
28.05,1,817.21,106.2,11719,6,100.0,0,-91.03,-114.34
28.1,1,818.68,106.2,11719,6,100.0,0,-89.59,-114.02
28.15,1,820.16,106.2,11719,6,100.0,0,-88.15,-113.7
28.2,1,821.63,106.2,11719,6,100.0,0,-86.72,-113.35
28.25,1,823.11,106.2,11719,6,100.0,0,-85.29,-113.0
28.3,1,824.58,106.2,11719,6,100.0,0,-83.86,-112.63
28.35,1,826.06,106.2,11719,6,100.0,0,-82.44,-112.25
28.4,1,827.53,106.2,11719,6,100.0,0,-81.02,-111.85
28.45,1,829.01,106.2,11719,6,100.0,0,-79.6,-111.44
28.5,1,830.48,106.2,11719,6,100.0,0,-78.18,-111.02
28.55,1,831.96,106.2,11719,6,100.0,0,-76.77,-110.59
28.6,1,833.43,106.2,11719,6,100.0,0,-75.37,-110.15
28.65,1,834.91,106.2,11719,6,100.0,0,-73.96,-109.69
28.7,1,836.38,106.2,11719,6,100.0,0,-72.56,-109.23
28.75,1,837.86,106.2,11719,6,100.0,0,-71.17,-108.75
28.8,1,839.33,106.2,11719,6,100.0,0,-69.77,-108.27
28.85,1,840.81,106.2,11719,6,100.0,0,-68.39,-107.77
28.9,1,842.28,106.2,11719,6,100.0,0,-67.0,-107.27
28.95,1,843.76,106.2,11719,6,100.0,0,-65.62,-106.75
29.0,1,845.23,106.2,11719,6,100.0,0,-64.24,-106.23
29.05,1,846.71,106.2,11719,6,100.0,0,-62.86,-105.7
29.1,1,848.18,106.2,11719,6,100.0,0,-61.49,-105.16
29.15,1,849.66,106.2,11719,6,100.0,0,-60.12,-104.62
29.2,1,851.13,106.2,11719,6,100.0,0,-58.75,-104.07
29.25,1,852.61,106.2,11719,6,100.0,0,-57.38,-103.51
29.3,1,854.08,106.2,11719,6,100.0,0,-56.02,-102.95
29.35,1,855.56,106.2,11719,6,100.0,0,-54.66,-102.38
29.4,1,857.03,106.2,11719,6,100.0,0,-53.3,-101.81
29.45,1,858.51,106.2,11719,6,100.0,0,-51.94,-101.24
29.5,1,859.98,106.2,11719,6,100.0,0,-50.58,-100.66
29.55,1,861.46,106.2,11719,6,100.0,0,-49.22,-100.09
29.6,1,862.93,106.2,11719,6,100.0,0,-47.86,-99.51
29.65,1,864.41,106.2,11719,6,100.0,0,-46.51,-98.93
29.7,1,865.88,106.2,11719,6,100.0,0,-45.15,-98.36
29.75,1,867.36,106.2,11719,6,100.0,0,-43.79,-97.79
29.8,1,868.83,106.2,11719,6,100.0,0,-42.43,-97.22
29.85,1,870.31,106.2,11719,6,100.0,0,-41.06,-96.66
29.9,1,871.78,106.2,11719,6,21.7,0,-39.69,-96.11
29.95,1,873.25,105.68,11661,6,0.0,1,-38.33,-95.56
30.0,1,874.71,103.25,11393,6,0.0,1,-36.97,-95.05
30.05,1,876.12,100.82,11326,6,0.0,1,-35.64,-94.55
30.1,1,877.51,98.39,12469,5,0.0,1,-34.34,-94.09
30.15,1,878.86,95.96,12161,5,0.0,1,-33.06,-93.65
30.2,1,880.17,93.53,11853,5,0.0,1,-31.81,-93.25
30.25,1,881.45,91.1,11545,5,0.0,1,-30.58,-92.88
30.3,1,882.7,88.67,11238,5,0.0,1,-29.38,-92.55
30.35,1,883.92,86.24,10930,5,0.0,1,-28.2,-92.25
30.4,1,885.1,83.81,12474,4,0.0,1,-27.05,-91.98
30.45,1,886.24,81.38,12113,4,0.0,1,-25.93,-91.76
30.5,1,887.36,78.95,11751,4,0.0,1,-24.83,-91.57
30.55,1,888.44,76.69,11415,4,0.0,1,-23.76,-91.41
30.6,1,889.49,74.91,11149,4,0.0,1,-22.72,-91.29
30.65,1,890.52,73.63,10959,4,0.0,1,-21.69,-91.2
30.7,1,891.54,72.72,10823,4,0.0,1,-20.68,-91.15
30.75,1,892.54,72.18,10743,4,54.2,0,-19.67,-91.13
30.8,1,893.54,72.21,10747,4,100.0,0,-18.67,-91.14
30.85,1,894.55,72.76,10829,4,100.0,0,-17.66,-91.18
30.9,1,895.57,73.68,10966,4,100.0,0,-16.65,-91.25
30.95,1,896.6,74.76,11127,4,100.0,0,-15.62,-91.35
31.0,1,897.64,75.84,11288,4,100.0,0,-14.59,-91.49
31.05,1,898.7,76.92,11449,4,100.0,0,-13.54,-91.66
31.1,1,899.78,78.0,11609,4,100.0,0,-12.48,-91.86
31.15,1,900.87,79.08,11770,4,100.0,0,-11.42,-92.09
31.2,1,901.98,80.16,11931,4,100.0,0,-10.34,-92.34
31.25,1,903.1,81.24,12092,4,92.2,0,-9.26,-92.63
31.3,1,904.23,82.32,12252,4,20.0,0,-8.16,-92.93
31.35,1,905.38,83.4,12413,4,20.0,0,-7.06,-93.25
31.4,1,906.55,84.48,12574,4,20.0,0,-5.94,-93.59
31.45,1,907.73,85.56,11348,5,20.0,0,-4.81,-93.95
31.5,1,908.93,86.64,10980,5,20.0,0,-3.68,-94.31
31.55,1,910.14,87.72,11117,5,31.0,0,-2.52,-94.68
31.6,1,911.36,88.8,11254,5,100.0,0,-1.36,-95.06
31.65,1,912.6,89.88,11391,5,100.0,0,-0.17,-95.43
31.7,1,913.86,90.96,11528,5,100.0,0,1.02,-95.81
31.75,1,915.13,92.04,11664,5,100.0,0,2.24,-96.18
31.8,1,916.42,93.12,11801,5,100.0,0,3.48,-96.54
31.85,1,917.72,94.2,11938,5,100.0,0,4.73,-96.88
31.9,1,919.03,95.28,12075,5,100.0,0,6.0,-97.22
31.95,1,920.36,96.12,12181,5,63.7,0,7.29,-97.53
32.0,1,921.69,94.94,12032,5,0.0,1,8.59,-97.81
32.05,1,923.0,92.51,11724,5,0.0,1,9.87,-98.06
32.1,1,924.26,90.08,11417,5,0.0,1,11.12,-98.27
32.15,1,925.49,87.65,11109,5,0.0,1,12.34,-98.45
32.2,1,926.7,85.39,12127,4,0.0,1,13.53,-98.59
32.25,1,927.87,83.44,12419,4,0.0,1,14.7,-98.7
32.3,1,929.02,81.78,12172,4,0.0,1,15.85,-98.78
32.35,1,930.14,80.38,11963,4,0.0,1,16.97,-98.82
32.4,1,931.25,79.18,11785,4,0.0,1,18.08,-98.83
32.45,1,932.34,78.15,11631,4,0.0,1,19.17,-98.81
32.5,1,933.42,77.28,11502,4,0.0,1,20.25,-98.76
32.55,1,934.49,76.61,11403,4,0.0,1,21.31,-98.68
32.6,1,935.55,76.11,11329,4,0.0,1,22.37,-98.56
32.65,1,936.61,75.74,11272,4,0.0,1,23.41,-98.42
32.7,1,937.66,75.49,11236,4,0.0,1,24.45,-98.25
32.75,1,938.7,75.38,11219,4,70.3,0,25.48,-98.05
32.8,1,939.75,75.41,11223,4,100.0,0,26.5,-97.81
32.85,1,940.8,75.57,11248,4,100.0,0,27.51,-97.55
32.9,1,941.85,75.88,11293,4,100.0,0,28.52,-97.25
32.95,1,942.91,76.33,11361,4,100.0,0,29.53,-96.93
33.0,1,943.97,76.94,11451,4,100.0,0,30.53,-96.57
33.05,1,945.04,77.69,11563,4,100.0,0,31.53,-96.18
33.1,1,946.13,78.61,11700,4,100.0,0,32.53,-95.75
33.15,1,947.23,79.69,11860,4,100.0,0,33.53,-95.29
33.2,1,948.34,80.77,12021,4,72.4,0,34.52,-94.8
33.25,1,949.47,81.85,12182,4,20.0,0,35.52,-94.27
33.3,1,950.62,82.93,12343,4,20.0,0,36.52,-93.71
33.35,1,951.78,84.01,12503,4,20.0,0,37.51,-93.11
33.4,1,952.95,85.09,10876,5,20.0,0,38.51,-92.49
33.45,1,954.14,86.17,10920,5,20.0,0,39.49,-91.83
33.5,1,955.34,87.25,11057,5,47.6,0,40.48,-91.14
33.55,1,956.56,88.33,11194,5,100.0,0,41.47,-90.42
33.6,1,957.8,89.41,11331,5,100.0,0,42.45,-89.67
33.65,1,959.05,90.49,11468,5,100.0,0,43.43,-88.9
33.7,1,960.31,91.57,11605,5,100.0,0,44.41,-88.1
33.75,1,961.59,92.65,11741,5,100.0,0,45.39,-87.28
33.8,1,962.88,93.73,11878,5,100.0,0,46.37,-86.44
33.85,1,964.19,94.81,12015,5,100.0,0,47.36,-85.58
33.9,1,965.52,95.89,12152,5,100.0,0,48.36,-84.71
33.95,1,966.86,96.97,12289,5,100.0,0,49.36,-83.82
34.0,1,968.21,97.74,12387,5,79.0,0,50.38,-82.93
34.05,1,969.56,96.2,12191,5,0.0,1,51.4,-82.05
34.1,1,970.88,93.77,11884,5,0.0,1,52.41,-81.19
34.15,1,972.16,91.34,11576,5,0.0,1,53.4,-80.38
34.2,1,973.41,88.91,11268,5,0.0,1,54.38,-79.6
34.25,1,974.63,86.48,10960,5,0.0,1,55.34,-78.86
34.3,1,975.82,84.05,12161,4,0.0,1,56.3,-78.16
34.35,1,976.97,81.62,12148,4,0.0,1,57.25,-77.5
34.4,1,978.08,79.19,11787,4,0.0,1,58.18,-76.89
34.45,1,979.17,76.89,11444,4,0.0,1,59.1,-76.32
34.5,1,980.22,75.42,11225,4,0.0,1,60.02,-75.8
34.55,1,981.26,74.54,11094,4,0.0,1,60.94,-75.31
34.6,1,982.3,74.1,11028,4,29.7,1,61.86,-74.85
34.65,1,983.33,74.13,11033,4,100.0,0,62.8,-74.42
34.7,1,984.36,74.64,11109,4,100.0,0,63.75,-74.02
34.75,1,985.4,75.55,11245,4,100.0,0,64.72,-73.64
34.8,1,986.46,76.63,11406,4,100.0,0,65.72,-73.29
34.85,1,987.53,77.71,11566,4,100.0,0,66.74,-72.96
34.9,1,988.62,78.79,11727,4,100.0,0,67.78,-72.66
34.95,1,989.72,79.87,11888,4,100.0,0,68.85,-72.38
35.0,1,990.84,80.95,12049,4,100.0,0,69.94,-72.13
35.05,1,991.97,82.03,12209,4,22.7,0,71.04,-71.9
35.1,1,993.11,83.11,12370,4,20.0,0,72.17,-71.69
35.15,1,994.28,84.19,12531,4,20.0,0,73.32,-71.5
35.2,1,995.45,85.27,11833,4,20.0,0,74.48,-71.33
35.25,1,996.64,86.35,10944,5,20.0,0,75.66,-71.18
35.3,1,997.85,87.43,11080,5,20.0,0,76.86,-71.05
35.35,1,999.07,88.51,11217,5,100.0,0,78.08,-70.93
35.4,1,1000.31,89.59,11354,5,100.0,0,79.31,-70.82
35.45,1,1001.56,90.67,11491,5,100.0,0,80.56,-70.73
35.5,1,1002.83,91.75,11628,5,100.0,0,81.82,-70.66
35.55,1,1004.11,92.83,11765,5,100.0,0,83.1,-70.59
35.6,1,1005.41,93.91,11902,5,100.0,0,84.4,-70.53
35.65,1,1006.72,94.99,12039,5,100.0,0,85.71,-70.48
35.7,1,1008.04,96.07,12175,5,96.4,0,87.04,-70.43
35.75,1,1009.39,97.15,12312,5,20.0,0,88.38,-70.4
35.8,1,1010.74,98.23,12449,5,20.0,0,89.73,-70.37
35.85,1,1012.12,99.31,12397,5,20.0,0,91.11,-70.34
35.9,1,1013.5,100.39,11078,6,20.0,0,92.49,-70.31
35.95,1,1014.9,101.47,11197,6,20.0,0,93.89,-70.29
36.0,1,1016.32,102.55,11316,6,100.0,0,95.31,-70.27
36.05,1,1017.75,103.63,11435,6,100.0,0,96.74,-70.25
36.1,1,1019.2,104.71,11554,6,100.0,0,98.19,-70.23
36.15,1,1020.66,105.79,11674,6,100.0,0,99.65,-70.21
36.2,1,1022.13,106.2,11719,6,100.0,0,101.12,-70.19
36.25,1,1023.61,106.2,11719,6,100.0,0,102.6,-70.17
36.3,1,1025.08,106.2,11719,6,100.0,0,104.07,-70.15
36.35,1,1026.56,106.2,11719,6,100.0,0,105.55,-70.12
36.4,1,1028.03,106.2,11719,6,100.0,0,107.02,-70.09
36.45,1,1029.51,106.2,11719,6,100.0,0,108.5,-70.05
36.5,1,1030.98,106.2,11719,6,100.0,0,109.97,-70.01
36.55,1,1032.46,106.2,11719,6,100.0,0,111.45,-69.97
36.6,1,1033.93,106.2,11719,6,100.0,0,112.92,-69.92
36.65,1,1035.41,106.2,11719,6,100.0,0,114.39,-69.87
36.7,1,1036.88,106.2,11719,6,100.0,0,115.87,-69.81
36.75,1,1038.36,106.2,11719,6,100.0,0,117.34,-69.74
36.8,1,1039.83,106.2,11719,6,100.0,0,118.81,-69.67
36.85,1,1041.31,106.2,11719,6,100.0,0,120.29,-69.59
36.9,1,1042.78,106.2,11719,6,100.0,0,121.76,-69.5
36.95,1,1044.26,106.2,11719,6,100.0,0,123.23,-69.41
37.0,1,1045.73,106.2,11719,6,100.0,0,124.7,-69.31
37.05,1,1047.21,106.2,11719,6,100.0,0,126.18,-69.21
37.1,1,1048.68,106.2,11719,6,100.0,0,127.65,-69.09
37.15,1,1050.16,106.2,11719,6,100.0,0,129.12,-68.97
37.2,1,1051.63,106.2,11719,6,100.0,0,130.58,-68.84
37.25,1,1053.11,106.2,11719,6,100.0,0,132.05,-68.7
37.3,1,1054.58,106.2,11719,6,100.0,0,133.52,-68.55
37.35,1,1056.06,106.2,11719,6,100.0,0,134.99,-68.4
37.4,1,1057.53,106.2,11719,6,100.0,0,136.45,-68.24
37.45,1,1059.01,106.2,11719,6,100.0,0,137.92,-68.07
37.5,1,1060.48,106.2,11719,6,100.0,0,139.38,-67.88
37.55,1,1061.96,106.2,11719,6,100.0,0,140.85,-67.69
37.6,1,1063.43,106.2,11719,6,100.0,0,142.31,-67.5
37.65,1,1064.91,106.2,11719,6,100.0,0,143.77,-67.29
37.7,1,1066.38,106.2,11719,6,100.0,0,145.23,-67.07
37.75,1,1067.86,106.2,11719,6,100.0,0,146.68,-66.84
37.8,1,1069.33,106.2,11719,6,100.0,0,148.14,-66.61
37.85,1,1070.81,106.2,11719,6,100.0,0,149.59,-66.36
37.9,1,1072.28,106.2,11719,6,100.0,0,151.05,-66.1
37.95,1,1073.76,106.2,11719,6,100.0,0,152.5,-65.84
38.0,1,1075.23,106.2,11719,6,100.0,0,153.95,-65.56
38.05,1,1076.71,106.2,11719,6,100.0,0,155.39,-65.28
38.1,1,1078.18,106.2,11719,6,100.0,0,156.84,-64.98
38.15,1,1079.66,106.2,11719,6,100.0,0,158.28,-64.67
38.2,1,1081.13,106.2,11719,6,100.0,0,159.72,-64.36
38.25,1,1082.61,106.2,11719,6,100.0,0,161.16,-64.03
38.3,1,1084.08,106.2,11719,6,100.0,0,162.59,-63.69
38.35,1,1085.56,106.2,11719,6,100.0,0,164.03,-63.34
38.4,1,1087.03,106.2,11719,6,100.0,0,165.46,-62.98
38.45,1,1088.51,106.2,11719,6,100.0,0,166.89,-62.61
38.5,1,1089.98,106.2,11719,6,100.0,0,168.31,-62.23
38.55,1,1091.46,106.2,11719,6,100.0,0,169.73,-61.83
38.6,1,1092.93,106.2,11719,6,100.0,0,171.15,-61.43
38.65,1,1094.41,106.2,11719,6,100.0,0,172.56,-61.01
38.7,1,1095.88,106.2,11719,6,100.0,0,173.98,-60.58
38.75,1,1097.36,106.2,11719,6,100.0,0,175.38,-60.14
38.8,1,1098.83,106.2,11719,6,100.0,0,176.79,-59.69
38.85,1,1100.31,106.2,11719,6,100.0,0,178.19,-59.23
38.9,1,1101.78,106.2,11719,6,100.0,0,179.58,-58.75
38.95,1,1103.26,106.2,11719,6,100.0,0,180.98,-58.26
39.0,1,1104.73,106.2,11719,6,100.0,0,182.36,-57.76
39.05,1,1106.21,106.2,11719,6,100.0,0,183.75,-57.25
39.1,1,1107.68,106.2,11719,6,100.0,0,185.13,-56.73
39.15,1,1109.16,106.2,11719,6,100.0,0,186.5,-56.19
39.2,1,1110.63,106.2,11719,6,100.0,0,187.87,-55.64
39.25,1,1112.11,106.2,11719,6,100.0,0,189.23,-55.08
39.3,1,1113.58,106.2,11719,6,100.0,0,190.59,-54.5
39.35,1,1115.06,106.2,11719,6,100.0,0,191.94,-53.91
39.4,1,1116.53,106.2,11719,6,100.0,0,193.29,-53.31
39.45,1,1118.01,106.2,11719,6,100.0,0,194.63,-52.7
39.5,1,1119.48,106.2,11719,6,100.0,0,195.97,-52.07
39.55,1,1120.96,106.2,11719,6,100.0,0,197.29,-51.43
39.6,1,1122.43,106.2,11719,6,100.0,0,198.62,-50.77
39.65,1,1123.91,106.2,11719,6,100.0,0,199.93,-50.11
39.7,1,1125.38,106.2,11719,6,100.0,0,201.24,-49.42
39.75,1,1126.86,106.2,11719,6,100.0,0,202.54,-48.73
39.8,1,1128.33,106.2,11719,6,100.0,0,203.83,-48.02
39.85,1,1129.81,106.2,11719,6,100.0,0,205.12,-47.29
39.9,1,1131.28,106.2,11719,6,100.0,0,206.39,-46.56
39.95,1,1132.76,106.2,11719,6,100.0,0,207.66,-45.8
40.0,1,1134.23,106.2,11719,6,100.0,0,208.92,-45.04
40.05,1,1135.71,106.2,11719,6,100.0,0,210.17,-44.26
40.1,1,1137.18,106.2,11719,6,100.0,0,211.42,-43.46
40.15,1,1138.66,106.2,11719,6,100.0,0,212.65,-42.65
40.2,1,1140.13,106.2,11719,6,100.0,0,213.87,-41.83
40.25,1,1141.61,106.2,11719,6,100.0,0,215.08,-40.99
40.3,1,1143.08,106.2,11719,6,100.0,0,216.29,-40.13
40.35,1,1144.56,106.2,11719,6,100.0,0,217.48,-39.26
40.4,1,1146.03,106.2,11719,6,100.0,0,218.66,-38.38
40.45,1,1147.51,106.2,11719,6,100.0,0,219.83,-37.48
40.5,1,1148.98,106.2,11719,6,100.0,0,220.98,-36.56
40.55,1,1150.46,106.2,11719,6,100.0,0,222.13,-35.63
40.6,1,1151.93,106.2,11719,6,100.0,0,223.26,-34.68
40.65,1,1153.41,106.2,11719,6,100.0,0,224.38,-33.72
40.7,1,1154.88,106.2,11719,6,100.0,0,225.48,-32.74
40.75,1,1156.36,106.2,11719,6,100.0,0,226.57,-31.75
40.8,1,1157.83,106.2,11719,6,100.0,0,227.65,-30.74
40.85,1,1159.31,106.2,11719,6,100.0,0,228.71,-29.72
40.9,1,1160.78,106.2,11719,6,100.0,0,229.75,-28.68
40.95,1,1162.26,106.2,11719,6,100.0,0,230.78,-27.62
41.0,1,1163.73,106.2,11719,6,100.0,0,231.8,-26.55
41.05,1,1165.21,106.2,11719,6,100.0,0,232.79,-25.46
41.1,1,1166.68,106.2,11719,6,100.0,0,233.77,-24.36
41.15,1,1168.16,106.2,11719,6,100.0,0,234.73,-23.24
41.2,1,1169.63,106.2,11719,6,100.0,0,235.68,-22.11
41.25,1,1171.11,106.2,11719,6,100.0,0,236.6,-20.96
41.3,1,1172.58,106.2,11719,6,100.0,0,237.5,-19.79
41.35,1,1174.06,106.2,11719,6,100.0,0,238.39,-18.61
41.4,1,1175.53,106.2,11719,6,100.0,0,239.25,-17.41
41.45,1,1177.01,106.2,11719,6,100.0,0,240.09,-16.2
41.5,1,1178.48,106.2,11719,6,100.0,0,240.91,-14.98
41.55,1,1179.96,106.2,11719,6,100.0,0,241.71,-13.74
41.6,1,1181.43,106.2,11719,6,100.0,0,242.48,-12.48
41.65,1,1182.91,106.2,11719,6,100.0,0,243.23,-11.21
41.7,1,1184.38,106.2,11719,6,100.0,0,243.96,-9.92
41.75,1,1185.86,106.2,11719,6,100.0,0,244.66,-8.63
41.8,1,1187.33,106.2,11719,6,100.0,0,245.33,-7.32
41.85,1,1188.81,106.2,11719,6,100.0,0,245.98,-5.99
41.9,1,1190.28,106.2,11719,6,100.0,0,246.6,-4.65
41.95,1,1191.76,106.2,11719,6,100.0,0,247.2,-3.3
42.0,1,1193.23,106.2,11719,6,100.0,0,247.76,-1.94
42.05,1,1194.71,106.2,11719,6,100.0,0,248.3,-0.57
50.06,2,0.0,100.33,11071,6,0.0,1,248.51,0.0
50.11,2,1.37,97.9,12407,5,0.0,1,248.97,1.29
50.16,2,2.72,96.58,12240,5,0.0,1,249.4,2.57
50.21,2,4.06,96.14,12184,5,0.0,1,249.8,3.85
50.26,2,5.39,95.71,12130,5,0.0,1,250.17,5.13
50.31,2,6.72,94.93,12031,5,0.0,1,250.52,6.41
50.36,2,8.04,95.1,12053,5,96.3,0,250.84,7.69
50.41,2,9.36,94.78,12011,5,0.0,1,251.13,8.97
50.46,2,10.67,94.51,11978,5,0.0,1,251.4,10.26
50.51,2,11.98,93.41,11838,5,0.0,1,251.64,11.55
50.56,2,13.28,94.07,11922,5,72.1,0,251.85,12.83
50.61,2,14.58,93.73,11878,5,0.0,1,252.03,14.12
50.66,2,15.88,93.69,11874,5,0.0,1,252.19,15.41
50.71,2,17.18,92.98,11783,5,18.1,1,252.32,16.7
50.76,2,18.48,93.5,11850,5,52.3,0,252.43,17.99
50.81,2,19.77,92.89,11772,5,0.0,0,252.51,19.29
50.86,2,21.06,93.37,11832,5,93.6,0,252.56,20.58
50.91,2,22.36,93.07,11796,5,35.8,1,252.58,21.87
50.96,2,23.65,93.34,11829,5,34.7,1,252.58,23.17
51.01,2,24.95,92.55,11729,5,0.0,0,252.56,24.46
51.06,2,26.24,93.4,11836,5,76.3,0,252.5,25.75
51.11,2,27.53,93.2,11812,5,53.4,0,252.42,27.04
51.16,2,28.83,93.56,11858,5,100.0,0,252.32,28.33
51.21,2,30.13,93.6,11862,5,100.0,0,252.18,29.63
51.26,2,31.43,93.94,11906,5,56.9,0,252.02,30.92
51.31,2,32.74,93.74,11880,5,73.6,0,251.83,32.21
51.36,2,34.04,94.42,11966,5,95.9,0,251.62,33.5
51.41,2,35.35,94.56,11984,5,35.5,1,251.38,34.79
51.46,2,36.67,94.64,11995,5,100.0,0,251.12,36.07
51.51,2,37.99,95.35,12084,5,100.0,0,250.82,37.36
51.56,2,39.31,95.66,12123,5,100.0,0,250.5,38.65
51.61,2,40.64,95.85,12147,5,100.0,0,250.15,39.93
51.66,2,41.98,96.48,12228,5,100.0,0,249.78,41.21
51.71,2,43.32,96.96,12288,5,100.0,0,249.38,42.5
51.76,2,44.67,97.18,12315,5,100.0,0,248.95,43.77
51.81,2,46.02,97.97,12416,5,98.1,0,248.49,45.05
51.86,2,47.39,98.75,12515,5,12.2,0,248.01,46.33
51.91,2,48.76,98.59,12495,5,15.2,0,247.5,47.6
51.96,2,50.14,99.35,12368,5,20.0,0,246.96,48.86
52.01,2,51.52,100.38,11076,6,20.0,0,246.4,50.13
52.06,2,52.92,101.26,11174,6,20.0,0,245.8,51.4
52.11,2,54.33,101.19,11166,6,100.0,0,245.18,52.66
52.16,2,55.74,102.27,11285,6,100.0,0,244.53,53.91
52.21,2,57.17,103.34,11403,6,100.0,0,243.85,55.17
52.26,2,58.61,103.78,11451,6,100.0,0,243.14,56.42
52.31,2,60.05,104.48,11529,6,100.0,0,242.41,57.67
52.36,2,61.51,105.56,11648,6,100.0,0,241.65,58.91
52.41,2,62.98,106.2,11718,6,100.0,0,240.86,60.15
52.46,2,64.46,106.2,11719,6,100.0,0,240.04,61.38
52.51,2,65.93,106.2,11719,6,100.0,0,239.21,62.6
52.56,2,67.41,106.2,11719,6,100.0,0,238.35,63.79
52.61,2,68.88,106.2,11719,6,100.0,0,237.47,64.98
52.66,2,70.36,106.2,11719,6,100.0,0,236.57,66.15
52.71,2,71.83,106.2,11719,6,100.0,0,235.66,67.31
52.76,2,73.31,106.2,11719,6,100.0,0,234.72,68.45
52.81,2,74.78,106.2,11719,6,100.0,0,233.77,69.57
52.86,2,76.26,106.2,11719,6,100.0,0,232.8,70.68
52.91,2,77.73,106.2,11719,6,100.0,0,231.81,71.78
52.96,2,79.21,106.2,11719,6,100.0,0,230.81,72.86
53.01,2,80.68,106.2,11719,6,100.0,0,229.79,73.93
53.06,2,82.16,106.2,11719,6,100.0,0,228.75,74.98
53.11,2,83.63,106.2,11719,6,100.0,0,227.71,76.02
53.16,2,85.11,106.2,11719,6,100.0,0,226.64,77.04
53.21,2,86.58,106.2,11719,6,100.0,0,225.57,78.05
53.26,2,88.06,106.2,11719,6,100.0,0,224.48,79.04
53.31,2,89.53,106.2,11719,6,100.0,0,223.37,80.02
53.36,2,91.01,106.2,11719,6,100.0,0,222.26,80.99
53.41,2,92.48,106.2,11719,6,100.0,0,221.13,81.94
53.46,2,93.96,106.2,11719,6,100.0,0,219.99,82.87
53.51,2,95.43,106.2,11719,6,100.0,0,218.84,83.8
53.56,2,96.91,106.2,11719,6,100.0,0,217.68,84.71
53.61,2,98.38,106.2,11719,6,100.0,0,216.51,85.6
53.66,2,99.86,106.2,11719,6,100.0,0,215.33,86.49
53.71,2,101.33,106.2,11719,6,100.0,0,214.14,87.36
53.76,2,102.81,106.2,11719,6,100.0,0,212.94,88.21
53.81,2,104.28,106.2,11719,6,100.0,0,211.73,89.06
53.86,2,105.76,106.2,11719,6,100.0,0,210.51,89.89
53.91,2,107.23,106.2,11719,6,100.0,0,209.28,90.71
53.96,2,108.71,106.2,11719,6,100.0,0,208.05,91.51
54.01,2,110.18,106.2,11719,6,100.0,0,206.8,92.31
54.06,2,111.66,106.2,11719,6,100.0,0,205.55,93.09
54.11,2,113.13,106.2,11719,6,100.0,0,204.3,93.86
54.16,2,114.61,106.2,11719,6,100.0,0,203.03,94.62
54.21,2,116.08,106.2,11719,6,100.0,0,201.76,95.37
54.26,2,117.56,106.2,11719,6,100.0,0,200.48,96.1
54.31,2,119.03,106.2,11719,6,100.0,0,199.2,96.83
54.36,2,120.51,106.2,11719,6,100.0,0,197.91,97.54
54.41,2,121.98,106.2,11719,6,100.0,0,196.61,98.25
54.46,2,123.46,106.2,11719,6,100.0,0,195.31,98.94
54.51,2,124.93,106.2,11719,6,100.0,0,194.0,99.62
54.56,2,126.41,106.2,11719,6,100.0,0,192.69,100.3
54.61,2,127.88,106.2,11719,6,100.0,0,191.37,100.96
54.66,2,129.36,106.2,11719,6,100.0,0,190.05,101.62
54.71,2,130.83,106.2,11719,6,100.0,0,188.72,102.26
54.76,2,132.31,106.2,11719,6,100.0,0,187.39,102.9
54.81,2,133.78,106.2,11719,6,100.0,0,186.06,103.53
54.86,2,135.26,106.2,11719,6,100.0,0,184.72,104.14
54.91,2,136.73,106.2,11719,6,100.0,0,183.38,104.75
54.96,2,138.21,106.2,11719,6,100.0,0,182.03,105.36
55.01,2,139.68,106.2,11719,6,100.0,0,180.68,105.95
55.06,2,141.16,106.2,11719,6,100.0,0,179.33,106.54
55.11,2,142.63,106.2,11719,6,100.0,0,177.97,107.12
55.16,2,144.11,106.2,11719,6,100.0,0,176.61,107.69
55.21,2,145.58,106.2,11719,6,100.0,0,175.25,108.26
55.26,2,147.06,106.2,11719,6,100.0,0,173.89,108.82
55.31,2,148.53,106.2,11719,6,100.0,0,172.52,109.38
55.36,2,150.01,106.2,11719,6,100.0,0,171.15,109.92
55.41,2,151.48,106.2,11719,6,100.0,0,169.78,110.47
55.46,2,152.96,106.2,11719,6,100.0,0,168.41,111.01
55.51,2,154.43,106.2,11719,6,100.0,0,167.03,111.54
55.56,2,155.91,106.2,11719,6,100.0,0,165.65,112.07
55.61,2,157.38,106.2,11719,6,100.0,0,164.27,112.59
55.66,2,158.86,106.2,11719,6,100.0,0,162.9,113.11
55.71,2,160.33,106.2,11719,6,100.0,0,161.51,113.63
55.76,2,161.81,106.2,11719,6,100.0,0,160.13,114.15
55.81,2,163.28,106.2,11719,6,100.0,0,158.75,114.66
55.86,2,164.76,106.2,11719,6,100.0,0,157.37,115.17
55.91,2,166.23,106.2,11719,6,100.0,0,155.98,115.68
55.96,2,167.71,106.2,11719,6,100.0,0,154.6,116.19
56.01,2,169.18,106.2,11719,6,100.0,0,153.21,116.69
56.06,2,170.66,106.2,11719,6,100.0,0,151.83,117.2
56.11,2,172.13,106.2,11719,6,100.0,0,150.44,117.71
56.16,2,173.61,106.2,11719,6,100.0,0,149.05,118.21
56.21,2,175.08,106.2,11719,6,100.0,0,147.67,118.72
56.26,2,176.56,106.2,11719,6,100.0,0,146.29,119.23
56.31,2,178.03,106.2,11719,6,100.0,0,144.9,119.75
56.36,2,179.51,106.2,11719,6,100.0,0,143.52,120.26
56.41,2,180.98,106.2,11719,6,100.0,0,142.14,120.78
56.46,2,182.46,106.2,11719,6,100.0,0,140.76,121.3
56.51,2,183.93,106.2,11719,6,100.0,0,139.38,121.83
56.56,2,185.41,106.2,11719,6,100.0,0,138.01,122.36
56.61,2,186.88,106.2,11719,6,100.0,0,136.63,122.9
56.66,2,188.36,106.2,11719,6,100.0,0,135.26,123.44
56.71,2,189.83,106.2,11719,6,100.0,0,133.9,124.0
56.76,2,191.31,106.2,11719,6,100.0,0,132.53,124.56
56.81,2,192.78,106.2,11719,6,100.0,0,131.17,125.12
56.86,2,194.26,106.2,11719,6,100.0,0,129.81,125.7
56.91,2,195.73,106.2,11719,6,100.0,0,128.46,126.29
56.96,2,197.21,106.2,11719,6,100.0,0,127.11,126.88
57.01,2,198.68,106.2,11719,6,100.0,0,125.77,127.49
57.06,2,200.16,106.2,11719,6,100.0,0,124.43,128.11
57.11,2,201.63,106.2,11719,6,100.0,0,123.09,128.74
57.16,2,203.11,106.2,11719,6,100.0,0,121.76,129.38
57.21,2,204.58,106.2,11719,6,100.0,0,120.44,130.03
57.26,2,206.06,106.2,11719,6,100.0,0,119.13,130.7
57.31,2,207.53,106.2,11719,6,100.0,0,117.82,131.38
57.36,2,209.01,106.2,11719,6,100.0,0,116.52,132.08
57.41,2,210.48,106.2,11719,6,100.0,0,115.23,132.79
57.46,2,211.96,106.2,11719,6,100.0,0,113.94,133.51
57.51,2,213.43,106.2,11719,6,100.0,0,112.66,134.25
57.56,2,214.91,106.2,11719,6,100.0,0,111.4,135.0
57.61,2,216.38,106.2,11719,6,100.0,0,110.14,135.77
57.66,2,217.86,106.2,11719,6,100.0,0,108.88,136.55
57.71,2,219.33,106.2,11719,6,100.0,0,107.64,137.35
57.76,2,220.81,106.2,11719,6,100.0,0,106.41,138.16
57.81,2,222.28,106.2,11719,6,100.0,0,105.19,138.98
57.86,2,223.76,106.2,11719,6,100.0,0,103.97,139.82
57.91,2,225.23,106.2,11719,6,100.0,0,102.76,140.66
57.96,2,226.71,106.2,11719,6,100.0,0,101.57,141.52
58.01,2,228.18,106.2,11719,6,100.0,0,100.38,142.4
58.06,2,229.66,106.2,11719,6,100.0,0,99.19,143.28
58.11,2,231.13,106.2,11719,6,100.0,0,98.02,144.17
58.16,2,232.61,106.2,11719,6,100.0,0,96.85,145.08
58.21,2,234.08,106.2,11719,6,100.0,0,95.7,145.99
58.26,2,235.56,106.2,11719,6,100.0,0,94.54,146.91
58.31,2,237.03,106.2,11719,6,100.0,0,93.4,147.84
58.36,2,238.51,106.2,11719,6,100.0,0,92.26,148.77
58.41,2,239.98,106.2,11719,6,100.0,0,91.12,149.71
58.46,2,241.46,106.2,11719,6,100.0,0,89.99,150.66
58.51,2,242.93,106.2,11719,6,100.0,0,88.86,151.61
58.56,2,244.41,106.2,11719,6,100.0,0,87.74,152.57
58.61,2,245.88,106.2,11719,6,100.0,0,86.62,153.53
58.66,2,247.36,106.2,11719,6,100.0,0,85.5,154.49
58.71,2,248.83,106.2,11719,6,100.0,0,84.39,155.46
58.76,2,250.31,106.2,11719,6,100.0,0,83.27,156.42
58.81,2,251.78,106.2,11719,6,100.0,0,82.16,157.39
58.86,2,253.26,106.2,11719,6,100.0,0,81.04,158.35
58.91,2,254.73,106.2,11719,6,100.0,0,79.93,159.32
58.96,2,256.21,106.2,11719,6,100.0,0,78.81,160.29
59.01,2,257.68,106.2,11719,6,100.0,0,77.7,161.25
59.06,2,259.16,106.2,11719,6,100.0,0,76.58,162.21
59.11,2,260.63,106.2,11719,6,100.0,0,75.46,163.17
59.16,2,262.11,106.2,11719,6,100.0,0,74.33,164.12
59.21,2,263.58,106.2,11719,6,100.0,0,73.21,165.08
59.26,2,265.06,106.2,11719,6,100.0,0,72.07,166.02
59.31,2,266.53,106.2,11719,6,100.0,0,70.94,166.96
59.36,2,268.01,106.2,11719,6,100.0,0,69.8,167.9
59.41,2,269.48,106.2,11719,6,100.0,0,68.66,168.83
59.46,2,270.96,106.2,11719,6,100.0,0,67.51,169.76
59.51,2,272.43,106.2,11719,6,100.0,0,66.35,170.67
59.56,2,273.91,106.2,11719,6,100.0,0,65.19,171.58
59.61,2,275.38,106.2,11719,6,100.0,0,64.02,172.49
59.66,2,276.86,106.2,11719,6,100.0,0,62.85,173.38
59.71,2,278.33,106.2,11719,6,100.0,0,61.67,174.27
59.76,2,279.81,106.2,11719,6,100.0,0,60.49,175.14
59.81,2,281.28,106.2,11719,6,100.0,0,59.29,176.01
59.86,2,282.76,106.2,11719,6,100.0,0,58.09,176.87
59.91,2,284.23,106.2,11719,6,100.0,0,56.88,177.71
59.96,2,285.71,106.2,11719,6,100.0,0,55.67,178.55
60.01,2,287.18,106.2,11719,6,100.0,0,54.44,179.37
60.06,2,288.66,106.2,11719,6,100.0,0,53.21,180.19
60.11,2,290.13,106.2,11719,6,100.0,0,51.97,180.99
60.16,2,291.61,106.2,11719,6,100.0,0,50.73,181.77
60.21,2,293.08,106.2,11719,6,100.0,0,49.47,182.55
60.26,2,294.56,106.2,11719,6,100.0,0,48.21,183.31
60.31,2,296.03,106.2,11719,6,100.0,0,46.94,184.06
60.36,2,297.51,106.2,11719,6,100.0,0,45.66,184.8
60.41,2,298.98,106.2,11719,6,100.0,0,44.37,185.52
60.46,2,300.46,106.2,11719,6,100.0,0,43.08,186.22
60.51,2,301.93,106.2,11719,6,100.0,0,41.78,186.92
60.56,2,303.41,106.2,11719,6,100.0,0,40.47,187.59
60.61,2,304.88,106.2,11719,6,100.0,0,39.15,188.25
60.66,2,306.36,106.2,11719,6,100.0,0,37.82,188.9
60.71,2,307.83,106.2,11719,6,100.0,0,36.49,189.53
60.76,2,309.31,106.2,11719,6,100.0,0,35.15,190.14
60.81,2,310.78,106.2,11719,6,100.0,0,33.8,190.73
60.86,2,312.26,106.2,11719,6,100.0,0,32.44,191.31
60.91,2,313.73,106.2,11719,6,100.0,0,31.08,191.88
60.96,2,315.21,106.2,11719,6,100.0,0,29.7,192.42
61.01,2,316.68,106.2,11719,6,100.0,0,28.33,192.95
61.06,2,318.16,106.2,11719,6,100.0,0,26.94,193.45
61.11,2,319.63,106.2,11719,6,100.0,0,25.55,193.95
61.16,2,321.11,106.2,11719,6,100.0,0,24.15,194.42
61.21,2,322.58,106.2,11719,6,100.0,0,22.75,194.87
61.26,2,324.06,106.2,11719,6,100.0,0,21.34,195.31
61.31,2,325.53,106.2,11719,6,100.0,0,19.93,195.72
61.36,2,327.01,106.2,11719,6,100.0,0,18.51,196.12
61.41,2,328.48,106.2,11719,6,100.0,0,17.08,196.5
61.46,2,329.96,106.2,11719,6,100.0,0,15.65,196.86
61.51,2,331.43,106.2,11719,6,100.0,0,14.21,197.19
61.56,2,332.91,106.2,11719,6,100.0,0,12.77,197.52
61.61,2,334.38,106.2,11719,6,100.0,0,11.33,197.81
61.66,2,335.86,106.2,11719,6,100.0,0,9.88,198.1
61.71,2,337.33,106.2,11719,6,100.0,0,8.43,198.36
61.76,2,338.81,106.2,11719,6,100.0,0,6.97,198.6
61.81,2,340.28,106.2,11719,6,100.0,0,5.52,198.82
61.86,2,341.76,106.2,11719,6,100.0,0,4.05,199.02
61.91,2,343.23,106.2,11719,6,100.0,0,2.59,199.2
61.96,2,344.71,106.2,11719,6,100.0,0,1.12,199.36
62.01,2,346.18,106.2,11719,6,100.0,0,-0.34,199.5
62.06,2,347.66,106.2,11719,6,100.0,0,-1.81,199.62
62.11,2,349.13,106.2,11719,6,100.0,0,-3.28,199.72
62.16,2,350.61,106.2,11719,6,100.0,0,-4.76,199.8
62.21,2,352.08,106.2,11719,6,100.0,0,-6.23,199.86
62.26,2,353.56,106.2,11719,6,100.0,0,-7.71,199.91
62.31,2,355.03,106.2,11719,6,100.0,0,-9.18,199.93
62.36,2,356.51,106.2,11719,6,100.0,0,-10.66,199.93
62.41,2,357.98,106.2,11719,6,100.0,0,-12.13,199.91
62.46,2,359.46,106.2,11719,6,100.0,0,-13.61,199.87
62.51,2,360.93,106.2,11719,6,100.0,0,-15.08,199.81
62.56,2,362.41,106.2,11719,6,100.0,0,-16.55,199.74
62.61,2,363.88,106.2,11719,6,100.0,0,-18.02,199.64
62.66,2,365.36,106.2,11719,6,100.0,0,-19.49,199.52
62.71,2,366.83,106.2,11719,6,100.0,0,-20.96,199.39
62.76,2,368.31,106.2,11719,6,100.0,0,-22.43,199.24
62.81,2,369.78,106.2,11719,6,100.0,0,-23.89,199.06
62.86,2,371.26,106.2,11719,6,100.0,0,-25.36,198.87
62.91,2,372.73,106.2,11719,6,100.0,0,-26.82,198.66
62.96,2,374.21,106.2,11719,6,100.0,0,-28.27,198.43
63.01,2,375.68,106.2,11719,6,100.0,0,-29.73,198.18
63.06,2,377.16,106.2,11719,6,100.0,0,-31.18,197.92
63.11,2,378.63,106.2,11719,6,100.0,0,-32.63,197.63
63.16,2,380.11,106.2,11719,6,100.0,0,-34.07,197.33
63.21,2,381.58,106.2,11719,6,100.0,0,-35.51,197.01
63.26,2,383.06,106.2,11719,6,100.0,0,-36.94,196.67
63.31,2,384.53,106.2,11719,6,100.0,0,-38.38,196.31
63.36,2,386.01,106.2,11719,6,100.0,0,-39.8,195.94
63.41,2,387.48,106.2,11719,6,100.0,0,-41.22,195.55
63.46,2,388.96,106.2,11719,6,100.0,0,-42.64,195.14
63.51,2,390.43,106.2,11719,6,100.0,0,-44.05,194.71
63.56,2,391.91,106.2,11719,6,100.0,0,-45.46,194.27
63.61,2,393.38,106.2,11719,6,100.0,0,-46.86,193.81
63.66,2,394.86,106.2,11719,6,100.0,0,-48.26,193.33
63.71,2,396.33,106.2,11719,6,100.0,0,-49.65,192.84
63.76,2,397.81,106.2,11719,6,100.0,0,-51.03,192.33
63.81,2,399.28,106.2,11719,6,100.0,0,-52.41,191.8
63.86,2,400.76,106.2,11719,6,100.0,0,-53.78,191.26
63.91,2,402.23,106.2,11719,6,100.0,0,-55.14,190.7
63.96,2,403.71,106.2,11719,6,100.0,0,-56.5,190.12
64.01,2,405.18,106.2,11719,6,100.0,0,-57.85,189.53
64.06,2,406.66,106.2,11719,6,100.0,0,-59.2,188.92
64.11,2,408.13,106.2,11719,6,100.0,0,-60.53,188.29
64.16,2,409.61,106.2,11719,6,100.0,0,-61.86,187.65
64.21,2,411.08,106.2,11719,6,100.0,0,-63.18,187.0
64.26,2,412.56,106.2,11719,6,100.0,0,-64.5,186.33
64.31,2,414.03,106.2,11719,6,100.0,0,-65.8,185.64
64.36,2,415.51,106.2,11719,6,100.0,0,-67.1,184.94
64.41,2,416.98,106.2,11719,6,100.0,0,-68.39,184.22
64.46,2,418.46,106.2,11719,6,100.0,0,-69.67,183.49
64.51,2,419.93,106.2,11719,6,100.0,0,-70.94,182.74
64.56,2,421.41,106.2,11719,6,100.0,0,-72.2,181.98
64.61,2,422.88,106.2,11719,6,100.0,0,-73.45,181.2
64.66,2,424.36,106.2,11719,6,100.0,0,-74.7,180.41
64.71,2,425.83,106.2,11719,6,100.0,0,-75.93,179.6
64.76,2,427.31,106.2,11719,6,100.0,0,-77.16,178.78
64.81,2,428.78,106.2,11719,6,100.0,0,-78.37,177.94
64.86,2,430.26,106.2,11719,6,100.0,0,-79.58,177.09
64.91,2,431.73,106.2,11719,6,100.0,0,-80.77,176.23
64.96,2,433.21,106.2,11719,6,100.0,0,-81.96,175.35
65.01,2,434.68,106.2,11719,6,100.0,0,-83.13,174.45
65.06,2,436.16,106.2,11719,6,100.0,0,-84.29,173.55
65.11,2,437.63,106.2,11719,6,100.0,0,-85.44,172.62
65.16,2,439.11,106.2,11719,6,100.0,0,-86.59,171.69
65.21,2,440.58,106.2,11719,6,100.0,0,-87.71,170.74
65.26,2,442.06,106.2,11719,6,100.0,0,-88.83,169.78
65.31,2,443.53,106.2,11719,6,100.0,0,-89.94,168.8
65.36,2,445.01,106.2,11719,6,100.0,0,-91.03,167.81
65.41,2,446.48,106.2,11719,6,100.0,0,-92.11,166.81
65.46,2,447.96,106.2,11719,6,100.0,0,-93.18,165.79
65.51,2,449.43,106.2,11719,6,100.0,0,-94.24,164.76
65.56,2,450.91,106.2,11719,6,100.0,0,-95.28,163.72
65.61,2,452.38,106.2,11719,6,100.0,0,-96.31,162.66
65.66,2,453.86,106.2,11719,6,100.0,0,-97.33,161.6
65.71,2,455.33,106.2,11719,6,100.0,0,-98.33,160.51
65.76,2,456.81,106.2,11719,6,100.0,0,-99.32,159.42
65.81,2,458.28,106.2,11719,6,100.0,0,-100.3,158.32
65.86,2,459.76,106.2,11719,6,100.0,0,-101.26,157.2
65.91,2,461.23,106.2,11719,6,100.0,0,-102.21,156.07
65.96,2,462.71,106.2,11719,6,100.0,0,-103.14,154.93
66.01,2,464.18,106.2,11719,6,100.0,0,-104.06,153.77
66.06,2,465.66,106.2,11719,6,100.0,0,-104.97,152.61
66.11,2,467.13,106.2,11719,6,100.0,0,-105.86,151.43
66.16,2,468.61,106.2,11719,6,100.0,0,-106.73,150.24
66.21,2,470.08,106.2,11719,6,100.0,0,-107.59,149.04
66.26,2,471.56,106.2,11719,6,100.0,0,-108.43,147.83
66.31,2,473.03,106.2,11719,6,100.0,0,-109.26,146.61
66.36,2,474.51,106.2,11719,6,100.0,0,-110.07,145.38
66.41,2,475.98,106.2,11719,6,100.0,0,-110.87,144.14
66.46,2,477.46,106.2,11719,6,100.0,0,-111.65,142.89
66.51,2,478.93,106.2,11719,6,100.0,0,-112.42,141.63
66.56,2,480.41,106.2,11719,6,100.0,0,-113.17,140.36
66.61,2,481.88,106.2,11719,6,100.0,0,-113.9,139.08
66.66,2,483.36,106.2,11719,6,100.0,0,-114.62,137.79
66.71,2,484.83,106.2,11719,6,100.0,0,-115.32,136.49
66.76,2,486.31,106.2,11719,6,100.0,0,-116.0,135.19
66.81,2,487.78,106.2,11719,6,100.0,0,-116.67,133.87
66.86,2,489.26,106.2,11719,6,100.0,0,-117.32,132.55
66.91,2,490.73,106.2,11719,6,100.0,0,-117.96,131.22
66.96,2,492.21,106.2,11719,6,100.0,0,-118.58,129.88
67.01,2,493.68,106.2,11719,6,100.0,0,-119.18,128.53
67.06,2,495.16,106.2,11719,6,100.0,0,-119.76,127.18
67.11,2,496.63,106.2,11719,6,100.0,0,-120.33,125.82
67.16,2,498.11,106.2,11719,6,100.0,0,-120.89,124.45
67.21,2,499.58,106.2,11719,6,100.0,0,-121.42,123.08
67.26,2,501.06,106.2,11719,6,100.0,0,-121.94,121.7
67.31,2,502.53,106.2,11719,6,100.0,0,-122.45,120.31
67.36,2,504.01,106.2,11719,6,100.0,0,-122.94,118.92
67.41,2,505.48,106.2,11719,6,100.0,0,-123.41,117.52
67.46,2,506.96,106.2,11719,6,100.0,0,-123.86,116.12
67.51,2,508.43,106.2,11719,6,100.0,0,-124.3,114.71
67.56,2,509.91,106.2,11719,6,100.0,0,-124.73,113.3
67.61,2,511.38,106.2,11719,6,100.0,0,-125.14,111.88
67.66,2,512.86,106.2,11719,6,100.0,0,-125.53,110.46
67.71,2,514.33,106.2,11719,6,100.0,0,-125.91,109.03
67.76,2,515.81,106.2,11719,6,100.0,0,-126.27,107.6
67.81,2,517.28,106.2,11719,6,100.0,0,-126.62,106.17
67.86,2,518.76,106.2,11719,6,100.0,0,-126.96,104.73
67.91,2,520.23,106.2,11719,6,100.0,0,-127.28,103.3
67.96,2,521.71,106.2,11719,6,100.0,0,-127.59,101.85
68.01,2,523.18,106.2,11719,6,100.0,0,-127.88,100.41
68.06,2,524.66,106.2,11719,6,100.0,0,-128.16,98.96
68.11,2,526.13,106.2,11719,6,100.0,0,-128.43,97.51
68.16,2,527.61,106.2,11719,6,100.0,0,-128.69,96.06
68.21,2,529.08,106.2,11719,6,100.0,0,-128.93,94.6
68.26,2,530.56,106.2,11719,6,100.0,0,-129.16,93.15
68.31,2,532.03,106.2,11719,6,100.0,0,-129.39,91.69
68.36,2,533.51,106.2,11719,6,100.0,0,-129.6,90.23
68.41,2,534.98,106.2,11719,6,100.0,0,-129.8,88.77
68.46,2,536.46,106.2,11719,6,100.0,0,-129.99,87.3
68.51,2,537.93,106.2,11719,6,100.0,0,-130.17,85.84
68.56,2,539.41,106.2,11719,6,100.0,0,-130.35,84.38
68.61,2,540.88,106.2,11719,6,100.0,0,-130.51,82.91
68.66,2,542.36,106.2,11719,6,100.0,0,-130.67,81.44
68.71,2,543.83,106.2,11719,6,100.0,0,-130.83,79.98
68.76,2,545.31,106.2,11719,6,100.0,0,-130.97,78.51
68.81,2,546.78,106.2,11719,6,100.0,0,-131.12,77.04
68.86,2,548.26,106.2,11719,6,100.0,0,-131.25,75.57
68.91,2,549.73,106.2,11719,6,100.0,0,-131.39,74.1
68.96,2,551.21,106.2,11719,6,100.0,0,-131.52,72.63
69.01,2,552.68,106.2,11719,6,100.0,0,-131.66,71.17
69.06,2,554.16,106.2,11719,6,100.0,0,-131.79,69.7
69.11,2,555.63,106.2,11719,6,100.0,0,-131.92,68.23
69.16,2,557.11,106.2,11719,6,100.0,0,-132.06,66.76
69.21,2,558.58,106.2,11719,6,100.0,0,-132.19,65.29
69.26,2,560.06,106.2,11719,6,100.0,0,-132.34,63.82
69.31,2,561.53,106.2,11719,6,100.0,0,-132.48,62.35
69.36,2,563.01,106.2,11719,6,100.0,0,-132.64,60.89
69.41,2,564.48,106.2,11719,6,100.0,0,-132.8,59.42
69.46,2,565.96,106.2,11719,6,100.0,0,-132.97,57.96
69.51,2,567.43,106.2,11719,6,100.0,0,-133.15,56.49
69.56,2,568.91,106.2,11719,6,100.0,0,-133.35,55.03
69.61,2,570.38,106.2,11719,6,100.0,0,-133.56,53.57
69.66,2,571.86,106.2,11719,6,100.0,0,-133.78,52.11
69.71,2,573.33,106.2,11719,6,100.0,0,-134.03,50.66
69.76,2,574.81,106.2,11719,6,100.0,0,-134.28,49.21
69.81,2,576.28,106.2,11719,6,100.0,0,-134.56,47.76
69.86,2,577.76,106.2,11719,6,100.0,0,-134.86,46.31
69.91,2,579.23,106.2,11719,6,100.0,0,-135.18,44.87
69.96,2,580.71,106.2,11719,6,100.0,0,-135.53,43.44
70.01,2,582.18,106.2,11719,6,100.0,0,-135.89,42.01
70.06,2,583.66,106.2,11719,6,100.0,0,-136.29,40.59
70.11,2,585.13,106.2,11718,6,86.7,0,-136.7,39.17
70.16,2,586.61,106.08,11705,6,0.0,0,-137.15,37.77
70.21,2,588.08,106.15,11713,6,100.0,0,-137.61,36.37
70.26,2,589.56,106.2,11719,6,100.0,0,-138.1,34.98
70.31,2,591.03,106.2,11719,6,100.0,0,-138.62,33.6
70.36,2,592.51,106.2,11719,6,100.0,0,-139.16,32.23
70.41,2,593.98,106.2,11719,6,100.0,0,-139.73,30.86
70.46,2,595.46,106.2,11719,6,100.0,0,-140.31,29.51
70.51,2,596.93,106.2,11719,6,100.0,0,-140.92,28.17
70.56,2,598.41,106.2,11719,6,100.0,0,-141.55,26.83
70.61,2,599.88,106.2,11719,6,100.0,0,-142.2,25.51
70.66,2,601.36,106.2,11719,6,100.0,0,-142.87,24.19
70.71,2,602.83,106.2,11719,6,100.0,0,-143.55,22.89
70.76,2,604.31,106.2,11719,6,100.0,0,-144.25,21.59
70.81,2,605.78,106.2,11719,6,100.0,0,-144.97,20.3
70.86,2,607.26,106.2,11719,6,100.0,0,-145.69,19.01
70.91,2,608.73,106.2,11719,6,100.0,0,-146.43,17.74
70.96,2,610.21,106.2,11719,6,100.0,0,-147.18,16.47
71.01,2,611.68,106.2,11719,6,100.0,0,-147.94,15.2
71.06,2,613.16,106.2,11719,6,100.0,0,-148.71,13.94
71.11,2,614.63,106.2,11719,6,100.0,0,-149.48,12.69
71.16,2,616.11,106.2,11719,6,100.0,0,-150.26,11.43
71.21,2,617.58,106.2,11719,6,100.0,0,-151.04,10.18
71.26,2,619.06,106.2,11719,6,100.0,0,-151.83,8.94
71.31,2,620.53,106.2,11719,6,100.0,0,-152.62,7.69
71.36,2,622.01,106.2,11719,6,100.0,0,-153.41,6.45
71.41,2,623.48,106.2,11719,6,100.0,0,-154.21,5.2
71.46,2,624.96,106.2,11719,6,100.0,0,-155.0,3.96
71.51,2,626.43,106.2,11719,6,100.0,0,-155.8,2.72
71.56,2,627.91,106.2,11719,6,100.0,0,-156.59,1.47
71.61,2,629.38,106.2,11719,6,100.0,0,-157.38,0.23
71.66,2,630.86,106.2,11719,6,100.0,0,-158.16,-1.02
71.71,2,632.33,106.2,11719,6,100.0,0,-158.95,-2.27
71.76,2,633.81,106.2,11719,6,100.0,0,-159.73,-3.52
71.81,2,635.28,106.2,11719,6,100.0,0,-160.5,-4.78
71.86,2,636.76,106.2,11719,6,100.0,0,-161.27,-6.04
71.91,2,638.23,106.2,11719,6,100.0,0,-162.03,-7.3
71.96,2,639.71,106.2,11719,6,100.0,0,-162.79,-8.57
72.01,2,641.18,106.2,11719,6,100.0,0,-163.53,-9.84
72.06,2,642.66,106.2,11719,6,100.0,0,-164.27,-11.11
72.11,2,644.13,106.2,11719,6,100.0,0,-165.01,-12.39
72.16,2,645.61,106.2,11719,6,100.0,0,-165.73,-13.68
72.21,2,647.08,106.2,11719,6,100.0,0,-166.44,-14.97
72.26,2,648.56,106.2,11719,6,100.0,0,-167.14,-16.27
72.31,2,650.03,106.2,11719,6,100.0,0,-167.84,-17.57
72.36,2,651.51,106.2,11719,6,100.0,0,-168.51,-18.88
72.41,2,652.98,106.2,11719,6,100.0,0,-169.18,-20.2
72.46,2,654.46,106.2,11719,6,100.0,0,-169.84,-21.52
72.51,2,655.93,106.2,11719,6,100.0,0,-170.48,-22.84
72.56,2,657.41,106.2,11719,6,100.0,0,-171.11,-24.18
72.61,2,658.88,106.2,11719,6,100.0,0,-171.72,-25.52
72.66,2,660.36,106.2,11719,6,100.0,0,-172.32,-26.87
72.71,2,661.83,106.2,11719,6,100.0,0,-172.91,-28.22
72.76,2,663.31,106.2,11719,6,100.0,0,-173.47,-29.58
72.81,2,664.78,106.2,11719,6,100.0,0,-174.02,-30.95
72.86,2,666.26,106.2,11719,6,100.0,0,-174.56,-32.33
72.91,2,667.73,106.2,11719,6,100.0,0,-175.07,-33.71
72.96,2,669.21,106.2,11719,6,100.0,0,-175.57,-35.1
73.01,2,670.68,106.2,11719,6,100.0,0,-176.04,-36.5
73.06,2,672.16,106.2,11719,6,100.0,0,-176.5,-37.9
73.11,2,673.63,106.2,11719,6,100.0,0,-176.93,-39.31
73.16,2,675.11,106.2,11719,6,100.0,0,-177.35,-40.72
73.21,2,676.58,106.2,11719,6,100.0,0,-177.74,-42.14
73.26,2,678.06,106.2,11719,6,100.0,0,-178.11,-43.57
73.31,2,679.53,106.2,11719,6,100.0,0,-178.45,-45.01
73.36,2,681.01,106.2,11719,6,99.4,0,-178.78,-46.45
73.41,2,682.48,105.96,11692,6,0.0,1,-179.07,-47.89
73.46,2,683.94,104.81,11565,6,0.0,1,-179.34,-49.33
73.51,2,685.39,103.48,11418,6,0.0,1,-179.58,-50.76
73.56,2,686.82,102.2,11277,6,0.0,1,-179.79,-52.17
73.61,2,688.23,100.97,11141,6,0.0,1,-179.97,-53.57
73.66,2,689.62,99.78,12026,5,0.0,1,-180.12,-54.95
73.71,2,691.0,98.64,12501,5,0.0,1,-180.24,-56.33
73.76,2,692.36,97.54,12362,5,0.0,1,-180.34,-57.69
73.81,2,693.71,96.49,12228,5,0.0,1,-180.41,-59.03
73.86,2,695.04,95.47,12100,5,0.0,1,-180.45,-60.36
73.91,2,696.36,94.5,11977,5,0.0,1,-180.47,-61.68
73.96,2,697.67,93.57,11858,5,0.0,1,-180.46,-62.99
74.01,2,698.96,92.67,11745,5,0.0,1,-180.42,-64.28
74.06,2,700.24,91.82,11636,5,0.0,1,-180.36,-65.56
74.11,2,701.51,90.91,11522,5,0.0,1,-180.27,-66.83
74.16,2,702.77,89.88,11391,5,0.0,1,-180.15,-68.08
74.21,2,704.01,89.21,11305,5,0.0,1,-180.01,-69.31
74.26,2,705.25,88.7,11242,5,0.0,1,-179.85,-70.54
74.31,2,706.47,88.06,11161,5,0.0,1,-179.66,-71.75
74.36,2,707.69,87.43,11081,5,0.0,1,-179.44,-72.95
74.41,2,708.9,86.84,11005,5,0.0,1,-179.21,-74.14
74.46,2,710.11,86.28,10935,5,0.0,1,-178.94,-75.31
74.51,2,711.3,85.73,10865,5,0.0,1,-178.65,-76.47
74.56,2,712.49,85.04,11688,5,0.0,1,-178.34,-77.61
74.61,2,713.66,84.41,12564,4,0.0,1,-178.01,-78.74
74.66,2,714.83,84.19,12531,4,0.0,1,-177.65,-79.86
74.71,2,716.0,84.01,12504,4,0.0,1,-177.27,-80.96
74.76,2,717.17,83.67,12453,4,0.0,1,-176.87,-82.05
74.81,2,718.33,83.36,12408,4,0.0,1,-176.44,-83.13
74.86,2,719.48,83.09,12367,4,0.0,1,-175.99,-84.19
74.91,2,720.63,82.7,12309,4,0.0,1,-175.51,-85.24
74.96,2,721.78,82.19,12233,4,0.0,1,-175.02,-86.27
75.01,2,722.92,82.16,12229,4,92.0,0,-174.5,-87.29
75.06,2,724.06,82.33,12253,4,93.8,0,-173.96,-88.3
75.11,2,725.2,82.26,12244,4,0.0,0,-173.39,-89.29
75.16,2,726.35,82.2,12235,4,0.0,0,-172.81,-90.27
75.21,2,727.49,82.18,12231,4,0.0,0,-172.2,-91.23
75.26,2,728.63,82.14,12226,4,0.0,1,-171.56,-92.18
75.31,2,729.77,81.97,12200,4,0.0,1,-170.91,-93.12
75.36,2,730.91,81.9,12190,4,90.7,0,-170.24,-94.04
75.41,2,732.05,82.27,12244,4,100.0,0,-169.54,-94.94
75.46,2,733.19,82.59,12292,4,100.0,0,-168.82,-95.83
75.51,2,734.34,82.77,12320,4,100.0,0,-168.08,-96.71
75.56,2,735.49,82.99,12352,4,100.0,0,-167.32,-97.57
75.61,2,736.65,83.24,12389,4,100.0,0,-166.53,-98.41
75.66,2,737.8,83.52,12431,4,100.0,0,-165.72,-99.24
75.71,2,738.97,83.84,12478,4,100.0,0,-164.9,-100.06
75.76,2,740.13,84.19,12530,4,20.0,0,-164.04,-100.86
75.81,2,741.3,84.53,12581,4,20.0,0,-163.17,-101.64
75.86,2,742.48,84.83,12626,4,20.0,0,-162.28,-102.4
75.91,2,743.66,85.34,11449,5,20.0,0,-161.36,-103.15
75.96,2,744.85,85.98,10897,5,20.0,0,-160.43,-103.88
76.01,2,746.05,86.52,10965,5,24.0,0,-159.47,-104.6
76.06,2,747.26,87.08,11035,5,100.0,0,-158.48,-105.3
76.11,2,748.47,87.66,11110,5,100.0,0,-157.48,-105.98
76.16,2,749.69,88.28,11188,5,100.0,0,-156.46,-106.65
76.21,2,750.92,88.93,11271,5,100.0,0,-155.41,-107.29
76.26,2,752.16,89.62,11358,5,100.0,0,-154.34,-107.92
76.31,2,753.41,90.34,11449,5,100.0,0,-153.25,-108.53
76.36,2,754.67,91.09,11544,5,100.0,0,-152.14,-109.13
76.41,2,755.94,91.87,11642,5,100.0,0,-151.01,-109.7
76.46,2,757.22,92.49,11721,5,100.0,0,-149.85,-110.26
76.51,2,758.51,93.23,11815,5,100.0,0,-148.68,-110.79
76.56,2,759.81,94.26,11946,5,100.0,0,-147.48,-111.31
76.61,2,761.13,95.21,12067,5,100.0,0,-146.27,-111.8
76.66,2,762.46,96.15,12185,5,100.0,0,-145.03,-112.28
76.71,2,763.8,97.11,12306,5,100.0,0,-143.76,-112.74
76.76,2,765.15,98.09,12432,5,20.0,0,-142.48,-113.17
76.81,2,766.52,99.11,12561,5,20.0,0,-141.18,-113.59
76.86,2,767.91,99.84,12653,5,20.0,0,-139.85,-113.98
76.91,2,769.3,100.4,11079,6,20.0,0,-138.51,-114.35
76.96,2,770.7,101.48,11198,6,20.0,0,-137.15,-114.7
77.01,2,772.12,102.56,11317,6,100.0,0,-135.77,-115.02
77.06,2,773.55,103.64,11436,6,100.0,0,-134.37,-115.33
77.11,2,774.99,104.72,11556,6,100.0,0,-132.96,-115.61
77.16,2,776.45,105.59,11652,6,100.0,0,-131.52,-115.87
77.21,2,777.93,106.18,11717,6,100.0,0,-130.07,-116.1
77.26,2,779.4,106.2,11719,6,100.0,0,-128.61,-116.31
77.31,2,780.88,106.2,11719,6,100.0,0,-127.14,-116.49
77.36,2,782.35,106.2,11719,6,100.0,0,-125.68,-116.65
77.41,2,783.83,106.2,11719,6,100.0,0,-124.21,-116.79
77.46,2,785.3,106.2,11719,6,100.0,0,-122.74,-116.9
77.51,2,786.78,106.2,11719,6,100.0,0,-121.26,-116.99
77.56,2,788.25,106.2,11719,6,100.0,0,-119.79,-117.05
77.61,2,789.73,106.2,11719,6,100.0,0,-118.32,-117.1
77.66,2,791.2,106.2,11719,6,100.0,0,-116.84,-117.12
77.71,2,792.68,106.2,11719,6,100.0,0,-115.37,-117.12
77.76,2,794.15,106.2,11719,6,100.0,0,-113.89,-117.1
77.81,2,795.63,106.2,11719,6,100.0,0,-112.42,-117.05
77.86,2,797.1,106.2,11719,6,100.0,0,-110.94,-116.99
77.91,2,798.58,106.2,11719,6,100.0,0,-109.47,-116.91
77.96,2,800.05,106.2,11719,6,100.0,0,-108.0,-116.81
78.01,2,801.53,106.2,11719,6,100.0,0,-106.53,-116.69
78.06,2,803.0,106.2,11719,6,100.0,0,-105.06,-116.55
78.11,2,804.48,106.2,11719,6,100.0,0,-103.59,-116.39
78.16,2,805.95,106.2,11719,6,100.0,0,-102.13,-116.22
78.21,2,807.43,106.2,11719,6,100.0,0,-100.67,-116.03
78.26,2,808.9,106.2,11719,6,100.0,0,-99.21,-115.82
78.31,2,810.38,106.2,11719,6,100.0,0,-97.75,-115.59
78.36,2,811.85,106.2,11719,6,100.0,0,-96.29,-115.35
78.41,2,813.33,106.2,11719,6,100.0,0,-94.84,-115.09
78.46,2,814.8,106.2,11719,6,100.0,0,-93.39,-114.82
78.51,2,816.28,106.2,11719,6,100.0,0,-91.95,-114.53
78.56,2,817.75,106.2,11719,6,100.0,0,-90.5,-114.22
78.61,2,819.23,106.2,11719,6,100.0,0,-89.06,-113.9
78.66,2,820.7,106.2,11719,6,100.0,0,-87.63,-113.57
78.71,2,822.18,106.2,11719,6,100.0,0,-86.19,-113.22
78.76,2,823.65,106.2,11719,6,100.0,0,-84.76,-112.86
78.81,2,825.13,106.2,11719,6,100.0,0,-83.34,-112.49
78.86,2,826.6,106.2,11719,6,100.0,0,-81.91,-112.1
78.91,2,828.08,106.2,11719,6,100.0,0,-80.49,-111.7
78.96,2,829.55,106.2,11719,6,100.0,0,-79.08,-111.29
79.01,2,831.03,106.2,11719,6,100.0,0,-77.66,-110.86
79.06,2,832.5,106.2,11719,6,100.0,0,-76.26,-110.43
79.11,2,833.98,106.2,11719,6,100.0,0,-74.85,-109.98
79.16,2,835.45,106.2,11719,6,100.0,0,-73.45,-109.52
79.21,2,836.93,106.2,11719,6,100.0,0,-72.05,-109.05
79.26,2,838.4,106.2,11719,6,100.0,0,-70.65,-108.57
79.31,2,839.88,106.2,11719,6,100.0,0,-69.26,-108.08
79.36,2,841.35,106.2,11719,6,100.0,0,-67.87,-107.59
79.41,2,842.83,106.2,11719,6,100.0,0,-66.49,-107.08
79.46,2,844.3,106.2,11719,6,100.0,0,-65.11,-106.56
79.51,2,845.78,106.2,11719,6,100.0,0,-63.73,-106.04
79.56,2,847.25,106.2,11719,6,100.0,0,-62.35,-105.5
79.61,2,848.73,106.2,11719,6,100.0,0,-60.98,-104.96
79.66,2,850.2,106.2,11719,6,100.0,0,-59.61,-104.42
79.71,2,851.68,106.2,11719,6,100.0,0,-58.24,-103.86
79.76,2,853.15,106.2,11719,6,100.0,0,-56.88,-103.31
79.81,2,854.63,106.2,11719,6,100.0,0,-55.52,-102.74
79.86,2,856.1,106.2,11719,6,100.0,0,-54.15,-102.18
79.91,2,857.58,106.2,11719,6,100.0,0,-52.79,-101.6
79.96,2,859.05,106.2,11719,6,100.0,0,-51.44,-101.03
80.01,2,860.53,106.2,11719,6,100.0,0,-50.08,-100.45
80.06,2,862.0,106.2,11719,6,100.0,0,-48.72,-99.87
80.11,2,863.48,106.2,11719,6,100.0,0,-47.36,-99.3
80.16,2,864.95,106.2,11719,6,100.0,0,-46.01,-98.72
80.21,2,866.43,106.2,11719,6,100.0,0,-44.65,-98.15
80.26,2,867.9,106.2,11719,6,100.0,0,-43.29,-97.58
80.31,2,869.38,106.2,11719,6,62.4,0,-41.93,-97.01
80.36,2,870.85,105.09,11597,6,0.0,1,-40.56,-96.46
80.41,2,872.29,102.72,11334,6,0.0,1,-39.23,-95.92
80.46,2,873.7,100.29,12206,5,0.0,1,-37.91,-95.41
80.51,2,875.07,97.86,12402,5,0.0,1,-36.63,-94.91
80.56,2,876.41,95.43,12094,5,0.0,1,-35.37,-94.45
80.61,2,877.72,93.0,11786,5,0.0,1,-34.13,-94.02
80.66,2,879.0,90.57,11478,5,0.0,1,-32.92,-93.61
80.71,2,880.24,88.14,11170,5,0.0,1,-31.74,-93.23
80.76,2,881.45,85.71,11695,5,0.0,1,-30.59,-92.88
80.81,2,882.62,83.28,12395,4,0.0,1,-29.46,-92.57
80.86,2,883.76,80.85,12034,4,0.0,1,-28.36,-92.28
80.91,2,884.87,78.42,11672,4,0.0,1,-27.28,-92.03
80.96,2,885.94,75.99,11310,4,0.0,1,-26.23,-91.81
81.01,2,886.98,73.56,10949,4,0.0,1,-25.21,-91.62
81.06,2,887.98,71.42,10630,4,0.0,1,-24.21,-91.47
81.11,2,888.96,69.7,10374,4,0.0,1,-23.24,-91.34
81.16,2,889.92,68.4,10180,4,0.0,1,-22.29,-91.25
81.21,2,890.87,67.48,10043,4,0.0,1,-21.35,-91.18
81.26,2,891.8,66.78,9939,4,0.0,1,-20.41,-91.14
81.31,2,892.72,66.41,9885,4,72.2,0,-19.49,-91.13
81.36,2,893.65,66.53,9901,4,100.0,0,-18.57,-91.14
81.41,2,894.57,67.01,9974,4,100.0,0,-17.64,-91.18
81.46,2,895.51,67.86,10100,4,100.0,0,-16.71,-91.25
81.51,2,896.46,68.92,10258,4,100.0,0,-15.76,-91.34
81.56,2,897.42,70.0,10419,4,100.0,0,-14.8,-91.46
81.61,2,898.4,71.08,10580,4,100.0,0,-13.84,-91.61
81.66,2,899.4,72.16,10741,4,100.0,0,-12.86,-91.79
81.71,2,900.41,73.24,10901,4,100.0,0,-11.87,-91.99
81.76,2,901.43,74.32,11062,4,100.0,0,-10.87,-92.22
81.81,2,902.47,75.4,11223,4,100.0,0,-9.86,-92.47
81.86,2,903.53,76.48,12349,4,100.0,0,-8.84,-92.74
81.91,2,904.6,77.56,13391,4,100.0,0,-7.81,-93.03
81.96,2,905.68,78.64,13578,4,100.0,0,-6.77,-93.34
82.01,2,906.78,79.72,13764,4,100.0,0,-5.72,-93.66
82.06,2,907.89,80.8,13951,4,100.0,0,-4.66,-93.99
82.11,2,909.02,81.88,14137,4,100.0,0,-3.58,-94.34
82.16,2,910.17,82.96,14324,4,100.0,0,-2.49,-94.69
82.21,2,911.33,84.04,14510,4,100.0,0,-1.39,-95.05
82.26,2,912.5,85.12,13590,5,100.0,0,-0.27,-95.4
82.31,2,913.69,86.2,12673,5,100.0,0,0.87,-95.76
82.36,2,914.9,87.28,12831,5,100.0,0,2.02,-96.11
82.41,2,916.12,88.36,12990,5,100.0,0,3.19,-96.46
82.46,2,917.35,89.44,13149,5,100.0,0,4.38,-96.79
82.51,2,918.6,90.52,13308,5,100.0,0,5.59,-97.11
82.56,2,919.87,91.6,13467,5,100.0,1,6.81,-97.41
82.61,2,921.13,89.57,13167,5,100.0,1,8.04,-97.69
82.66,2,922.35,87.14,12810,5,100.0,1,9.24,-97.94
82.71,2,923.54,84.71,13621,4,100.0,1,10.41,-98.16
82.76,2,924.7,82.28,14206,4,100.0,1,11.56,-98.34
82.81,2,925.83,80.1,13830,4,100.0,1,12.67,-98.5
82.86,2,926.93,78.24,13508,4,100.0,1,13.77,-98.62
82.91,2,928.01,76.63,13231,4,100.0,1,14.84,-98.71
82.96,2,929.06,75.26,12993,4,100.0,1,15.89,-98.78
83.01,2,930.1,74.06,12787,4,100.0,1,16.93,-98.82
83.06,2,931.12,73.03,12609,4,100.0,1,17.95,-98.83
83.11,2,932.13,72.13,12236,4,87.2,1,18.96,-98.82
83.16,2,933.12,71.36,10620,4,0.0,1,19.95,-98.78
83.21,2,934.11,70.74,10528,4,0.0,1,20.94,-98.71
83.26,2,935.09,70.27,10459,4,0.0,1,21.91,-98.62
83.31,2,936.06,69.9,10404,4,0.0,1,22.88,-98.5
83.36,2,937.03,69.62,10363,4,0.0,1,23.84,-98.36
83.41,2,938.0,69.46,10338,4,0.0,1,24.79,-98.19
83.46,2,938.96,69.4,10329,4,96.3,0,25.73,-97.99
83.51,2,939.93,69.45,10337,4,100.0,0,26.67,-97.77
83.56,2,940.89,69.61,10360,4,100.0,0,27.6,-97.52
83.61,2,941.86,69.88,10400,4,100.0,0,28.53,-97.25
83.66,2,942.83,70.26,10457,4,100.0,0,29.46,-96.95
83.71,2,943.81,70.76,10532,4,100.0,0,30.38,-96.62
83.76,2,944.8,71.38,10624,4,100.0,0,31.3,-96.27
83.81,2,945.8,72.11,10733,4,100.0,0,32.22,-95.89
83.86,2,946.81,73.04,10872,4,100.0,0,33.14,-95.47
83.91,2,947.83,74.1,11029,4,100.0,0,34.06,-95.03
83.96,2,948.86,75.18,11190,4,100.0,0,34.99,-94.56
84.01,2,949.92,76.26,11351,4,100.0,0,35.91,-94.06
84.06,2,950.98,77.34,11512,4,100.0,0,36.83,-93.53
84.11,2,952.06,78.42,11672,4,100.0,0,37.76,-92.96
84.16,2,953.16,79.5,11833,4,100.0,0,38.68,-92.37
84.21,2,954.27,80.58,11994,4,78.2,0,39.6,-91.75
84.26,2,955.4,81.66,12155,4,20.0,0,40.53,-91.1
84.31,2,956.54,82.74,12315,4,20.0,0,41.45,-90.43
84.36,2,957.7,83.82,12476,4,20.0,0,42.37,-89.73
84.41,2,958.87,84.9,11004,5,20.0,0,43.29,-89.01
84.46,2,960.06,85.98,10897,5,20.0,0,44.21,-88.26
84.51,2,961.26,87.06,11034,5,40.6,0,45.14,-87.49
84.56,2,962.47,88.14,11171,5,100.0,0,46.06,-86.7
84.61,2,963.71,89.22,11307,5,100.0,0,47.0,-85.9
84.66,2,964.95,90.3,11444,5,100.0,0,47.93,-85.08
84.71,2,966.21,91.38,11581,5,100.0,0,48.88,-84.25
84.76,2,967.49,92.46,11718,5,100.0,0,49.84,-83.4
84.81,2,968.78,92.37,11706,5,22.4,1,50.81,-82.56
84.86,2,970.05,90.21,11433,5,0.0,1,51.77,-81.73
84.91,2,971.28,87.78,11125,5,0.0,1,52.72,-80.94
84.96,2,972.48,85.35,11713,5,0.0,1,53.65,-80.18
85.01,2,973.65,82.92,12342,4,0.0,1,54.56,-79.45
85.06,2,974.78,80.49,11980,4,0.0,1,55.47,-78.76
85.11,2,975.89,78.06,11619,4,0.0,1,56.36,-78.11
85.16,2,976.95,75.63,11257,4,0.0,1,57.23,-77.51
85.21,2,977.99,73.2,10895,4,0.0,1,58.1,-76.94
85.26,2,978.99,71.06,10576,4,0.0,1,58.95,-76.41
85.31,2,979.97,69.69,10373,4,0.0,1,59.79,-75.92
85.36,2,980.93,68.84,10246,4,0.0,1,60.64,-75.46
85.41,2,981.88,68.32,10169,4,0.0,1,61.49,-75.03
85.46,2,982.83,68.18,10147,4,82.9,0,62.34,-74.62
85.51,2,983.78,68.4,10181,4,100.0,0,63.21,-74.24
85.56,2,984.73,69.0,10270,4,100.0,0,64.1,-73.88
85.61,2,985.7,69.97,10414,4,100.0,0,65.0,-73.54
85.66,2,986.68,71.05,10575,4,100.0,0,65.93,-73.22
85.71,2,987.67,72.13,10736,4,100.0,0,66.87,-72.92
85.76,2,988.68,73.21,10896,4,100.0,0,67.84,-72.65
85.81,2,989.7,74.29,11057,4,100.0,0,68.83,-72.39
85.86,2,990.74,75.37,11218,4,100.0,0,69.85,-72.15
85.91,2,991.8,76.45,11379,4,100.0,0,70.88,-71.93
85.96,2,992.87,77.53,11539,4,100.0,0,71.93,-71.73
86.01,2,993.95,78.61,11700,4,100.0,0,72.99,-71.55
86.06,2,995.05,79.69,11861,4,100.0,0,74.08,-71.39
86.11,2,996.16,80.77,12022,4,86.9,0,75.19,-71.24
86.16,2,997.29,81.85,12182,4,20.0,0,76.31,-71.11
86.21,2,998.44,82.93,12343,4,20.0,0,77.45,-70.99
86.26,2,999.6,84.01,12504,4,20.0,0,78.6,-70.88
86.31,2,1000.77,85.09,11211,5,20.0,0,79.77,-70.79
86.36,2,1001.96,86.17,10920,5,20.0,0,80.96,-70.71
86.41,2,1003.16,87.25,11057,5,33.1,0,82.16,-70.64
86.46,2,1004.38,88.33,11194,5,100.0,0,83.38,-70.57
86.51,2,1005.62,89.41,11331,5,100.0,0,84.61,-70.52
86.56,2,1006.87,90.49,11468,5,100.0,0,85.86,-70.47
86.61,2,1008.13,91.57,11605,5,100.0,0,87.12,-70.43
86.66,2,1009.41,92.65,11742,5,100.0,0,88.4,-70.4
86.71,2,1010.7,93.73,11879,5,100.0,0,89.7,-70.37
86.76,2,1012.01,94.81,12015,5,100.0,0,91.0,-70.34
86.81,2,1013.34,95.89,12152,5,100.0,0,92.33,-70.32
86.86,2,1014.68,96.97,12289,5,45.8,0,93.67,-70.3
86.91,2,1016.03,98.05,12426,5,20.0,0,95.02,-70.28
86.96,2,1017.4,99.13,12563,5,20.0,0,96.39,-70.26
87.01,2,1018.79,100.21,11408,6,20.0,0,97.77,-70.24
87.06,2,1020.18,101.29,11177,6,20.0,0,99.17,-70.22
87.11,2,1021.6,102.37,11296,6,67.9,0,100.59,-70.2
87.16,2,1023.03,103.45,11415,6,100.0,0,102.02,-70.18
87.21,2,1024.47,104.53,11534,6,100.0,0,103.46,-70.16
87.26,2,1025.93,105.61,11653,6,100.0,0,104.92,-70.13
87.31,2,1027.4,106.2,11719,6,100.0,0,106.39,-70.1
87.36,2,1028.88,106.2,11719,6,100.0,0,107.87,-70.07
87.41,2,1030.35,106.2,11719,6,100.0,0,109.34,-70.03
87.46,2,1031.83,106.2,11719,6,100.0,0,110.82,-69.99
87.51,2,1033.3,106.2,11719,6,100.0,0,112.29,-69.94
87.56,2,1034.78,106.2,11719,6,100.0,0,113.76,-69.89
87.61,2,1036.25,106.2,11719,6,100.0,0,115.24,-69.83
87.66,2,1037.73,106.2,11719,6,100.0,0,116.71,-69.77
87.71,2,1039.2,106.2,11719,6,100.0,0,118.18,-69.7
87.76,2,1040.68,106.2,11719,6,100.0,0,119.66,-69.62
87.81,2,1042.15,106.2,11719,6,100.0,0,121.13,-69.54
87.86,2,1043.63,106.2,11719,6,100.0,0,122.6,-69.45
87.91,2,1045.1,106.2,11719,6,100.0,0,124.07,-69.36
87.96,2,1046.58,106.2,11719,6,100.0,0,125.55,-69.25
88.01,2,1048.05,106.2,11719,6,100.0,0,127.02,-69.14
88.06,2,1049.53,106.2,11719,6,100.0,0,128.49,-69.02
88.11,2,1051.0,106.2,11719,6,100.0,0,129.96,-68.9
88.16,2,1052.48,106.2,11719,6,100.0,0,131.42,-68.76
88.21,2,1053.95,106.2,11719,6,100.0,0,132.89,-68.62
88.26,2,1055.43,106.2,11719,6,100.0,0,134.36,-68.47
88.31,2,1056.9,106.2,11719,6,100.0,0,135.83,-68.31
88.36,2,1058.38,106.2,11719,6,100.0,0,137.29,-68.14
88.41,2,1059.85,106.2,11719,6,100.0,0,138.76,-67.96
88.46,2,1061.33,106.2,11719,6,100.0,0,140.22,-67.78
88.51,2,1062.8,106.2,11719,6,100.0,0,141.68,-67.58
88.56,2,1064.28,106.2,11719,6,100.0,0,143.14,-67.38
88.61,2,1065.75,106.2,11719,6,100.0,0,144.6,-67.16
88.66,2,1067.23,106.2,11719,6,100.0,0,146.06,-66.94
88.71,2,1068.7,106.2,11719,6,100.0,0,147.52,-66.71
88.76,2,1070.18,106.2,11719,6,100.0,0,148.97,-66.47
88.81,2,1071.65,106.2,11719,6,100.0,0,150.42,-66.22
88.86,2,1073.13,106.2,11719,6,100.0,0,151.88,-65.95
88.91,2,1074.6,106.2,11719,6,100.0,0,153.33,-65.68
88.96,2,1076.08,106.2,11719,6,100.0,0,154.77,-65.4
89.01,2,1077.55,106.2,11719,6,100.0,0,156.22,-65.11
89.06,2,1079.03,106.2,11719,6,100.0,0,157.66,-64.81
89.11,2,1080.5,106.2,11719,6,100.0,0,159.1,-64.49
89.16,2,1081.98,106.2,11719,6,100.0,0,160.54,-64.17
89.21,2,1083.45,106.2,11719,6,100.0,0,161.98,-63.83
89.26,2,1084.93,106.2,11719,6,100.0,0,163.41,-63.49
89.31,2,1086.4,106.2,11719,6,100.0,0,164.85,-63.13
89.36,2,1087.88,106.2,11719,6,100.0,0,166.27,-62.77
89.41,2,1089.35,106.2,11719,6,100.0,0,167.7,-62.39
89.46,2,1090.83,106.2,11719,6,100.0,0,169.12,-62.0
89.51,2,1092.3,106.2,11719,6,100.0,0,170.54,-61.6
89.56,2,1093.78,106.2,11719,6,100.0,0,171.96,-61.19
89.61,2,1095.25,106.2,11719,6,100.0,0,173.37,-60.77
89.66,2,1096.73,106.2,11719,6,100.0,0,174.78,-60.33
89.71,2,1098.2,106.2,11719,6,100.0,0,176.19,-59.88
89.76,2,1099.68,106.2,11719,6,100.0,0,177.59,-59.43
89.81,2,1101.15,106.2,11719,6,100.0,0,178.99,-58.96
89.86,2,1102.63,106.2,11719,6,100.0,0,180.38,-58.47
89.91,2,1104.1,106.2,11719,6,100.0,0,181.77,-57.98
89.96,2,1105.58,106.2,11719,6,100.0,0,183.16,-57.47
90.01,2,1107.05,106.2,11719,6,100.0,0,184.54,-56.95
90.06,2,1108.53,106.2,11719,6,100.0,0,185.91,-56.42
90.11,2,1110.0,106.2,11719,6,100.0,0,187.28,-55.88
90.16,2,1111.48,106.2,11719,6,100.0,0,188.65,-55.32
90.21,2,1112.95,106.2,11719,6,100.0,0,190.01,-54.75
90.26,2,1114.43,106.2,11719,6,100.0,0,191.36,-54.17
90.31,2,1115.9,106.2,11719,6,100.0,0,192.71,-53.57
90.36,2,1117.38,106.2,11719,6,100.0,0,194.06,-52.96
90.41,2,1118.85,106.2,11719,6,100.0,0,195.4,-52.34
90.46,2,1120.33,106.2,11719,6,100.0,0,196.73,-51.7
90.51,2,1121.8,106.2,11719,6,100.0,0,198.05,-51.06
90.56,2,1123.28,106.2,11719,6,100.0,0,199.37,-50.39
90.61,2,1124.75,106.2,11719,6,100.0,0,200.68,-49.72
90.66,2,1126.23,106.2,11719,6,100.0,0,201.98,-49.03
90.71,2,1127.7,106.2,11719,6,100.0,0,203.28,-48.32
90.76,2,1129.18,106.2,11719,6,100.0,0,204.57,-47.61
90.81,2,1130.65,106.2,11719,6,100.0,0,205.85,-46.87
90.86,2,1132.13,106.2,11719,6,100.0,0,207.12,-46.13
90.91,2,1133.6,106.2,11719,6,100.0,0,208.38,-45.37
90.96,2,1135.08,106.2,11719,6,100.0,0,209.64,-44.59
91.01,2,1136.55,106.2,11719,6,100.0,0,210.89,-43.8
91.06,2,1138.03,106.2,11719,6,100.0,0,212.12,-43.0
91.11,2,1139.5,106.2,11719,6,100.0,0,213.35,-42.18
91.16,2,1140.98,106.2,11719,6,100.0,0,214.57,-41.35
91.21,2,1142.45,106.2,11719,6,100.0,0,215.77,-40.5
91.26,2,1143.93,106.2,11719,6,100.0,0,216.97,-39.64
91.31,2,1145.4,106.2,11719,6,100.0,0,218.15,-38.76
91.36,2,1146.88,106.2,11719,6,100.0,0,219.33,-37.86
91.41,2,1148.35,106.2,11719,6,100.0,0,220.49,-36.95
91.46,2,1149.83,106.2,11719,6,100.0,0,221.64,-36.03
91.51,2,1151.3,106.2,11719,6,100.0,0,222.77,-35.09
91.56,2,1152.78,106.2,11719,6,100.0,0,223.9,-34.13
91.61,2,1154.25,106.2,11719,6,100.0,0,225.01,-33.16
91.66,2,1155.73,106.2,11719,6,100.0,0,226.11,-32.18
91.71,2,1157.2,106.2,11719,6,100.0,0,227.19,-31.18
91.76,2,1158.68,106.2,11719,6,100.0,0,228.26,-30.16
91.81,2,1160.15,106.2,11719,6,100.0,0,229.31,-29.12
91.86,2,1161.63,106.2,11719,6,100.0,0,230.34,-28.08
91.91,2,1163.1,106.2,11719,6,100.0,0,231.37,-27.01
91.96,2,1164.58,106.2,11719,6,100.0,0,232.37,-25.93
92.01,2,1166.05,106.2,11719,6,100.0,0,233.36,-24.83
92.06,2,1167.53,106.2,11719,6,100.0,0,234.32,-23.72
92.11,2,1169.0,106.2,11719,6,100.0,0,235.28,-22.59
92.16,2,1170.48,106.2,11719,6,100.0,0,236.21,-21.45
92.21,2,1171.95,106.2,11719,6,100.0,0,237.12,-20.29
92.26,2,1173.43,106.2,11719,6,100.0,0,238.01,-19.12
92.31,2,1174.9,106.2,11719,6,100.0,0,238.88,-17.93
92.36,2,1176.38,106.1,11708,6,0.0,1,239.73,-16.72
92.41,2,1177.85,105.52,11643,6,0.0,1,240.56,-15.51
92.46,2,1179.31,104.7,11553,6,0.0,1,241.36,-14.29
92.51,2,1180.76,103.93,11468,6,0.0,1,242.13,-13.06
92.56,2,1182.19,103.22,11390,6,0.0,1,242.87,-11.83
92.61,2,1183.62,102.5,11310,6,0.0,1,243.59,-10.59
92.66,2,1185.04,101.78,11231,6,0.0,1,244.27,-9.35
92.71,2,1186.45,101.14,11161,6,0.0,1,244.93,-8.1
92.76,2,1187.85,100.52,11092,6,0.0,1,245.56,-6.85
92.81,2,1189.24,99.88,12658,5,0.0,1,246.17,-5.6
92.86,2,1190.63,99.31,12586,5,0.0,1,246.74,-4.34
92.91,2,1192.0,98.78,12519,5,0.2,1,247.29,-3.08
92.96,2,1193.37,98.64,12501,5,100.0,0,247.81,-1.81
93.01,2,1194.75,99.72,12638,5,100.0,0,248.31,-0.53
